"LTER_site","local_site","site_ID","year","date","time","latitude","longitude","survey_no","survey_start_date","snow","surface_temp","soil_moist_vol_avg","soil_moist_vol_sd","soil_moist_vol_rg","soil_temp_avg","soil_temp_sd","soil_temp_rg"
"NWT","Saddle","sn_10",2017,2017-07-03,"9:14:00",40.05428005,-105.5881625,1,2017-07-03,FALSE,NA,0.045718582,0.020149486,0.047580368,9.133333333,0.057735027,0.1
"NWT","Saddle","sn_09",2017,2017-07-03,"9:26:00",40.05451188,-105.5888025,1,2017-07-03,FALSE,NA,0.037906701,0.02442259,0.056580111,8.933333333,0.057735027,0.1
"NWT","Saddle","D8",2017,2017-07-03,"9:42:00",40.05477337,-105.588547,1,2017-07-03,FALSE,NA,0.066224078,0.015423592,0.038775614,8.933333333,0.057735027,0.1
"NWT","Saddle","C8",2017,2017-07-03,"9:55:00",40.05531092,-105.5892701,1,2017-07-03,FALSE,NA,0.128388195,0.021442709,0.059814592,6.4,0.173205081,0.3
"NWT","Saddle","C7",2017,2017-07-03,"10:05:00",40.05529184,-105.589958,1,2017-07-03,FALSE,NA,0.419636811,0.139056022,0.35175415,7.433333333,0.2081666,0.4
"NWT","Saddle","C6",2017,2017-07-03,"10:17:00",40.05530278,-105.5906892,1,2017-07-03,FALSE,NA,0.42007678,0.038261852,0.092754953,3.266666667,0.057735027,0.1
"NWT","Saddle","C5",2017,2017-07-03,"10:27:00",40.05528265,-105.5913845,1,2017-07-03,FALSE,NA,0.594617157,0.074636704,0.164675477,2.233333333,0.152752523,0.3
"NWT","Saddle","B6",2017,2017-07-03,"10:35:00",40.05580624,-105.5913764,1,2017-07-03,FALSE,NA,0.680635612,0.052595974,0.120010311,0.8,0.458257569,0.9
"NWT","Saddle","B5",2017,2017-07-03,"10:44:00",40.0558249,-105.5920713,1,2017-07-03,TRUE,NA,NA,NA,NA,NA,NA,NA
"NWT","Saddle","B4",2017,2017-07-03,"10:48:00",40.05582609,-105.592797,1,2017-07-03,TRUE,NA,NA,NA,NA,NA,NA,NA
"NWT","Saddle","B3",2017,2017-07-03,"10:52:00",40.0557891,-105.5934707,1,2017-07-03,TRUE,NA,NA,NA,NA,NA,NA,NA
"NWT","Saddle","A3",2017,2017-07-03,"10:55:00",40.0563715,-105.5935083,1,2017-07-03,TRUE,NA,NA,NA,NA,NA,NA,NA
"NWT","Saddle","A2",2017,2017-07-03,"11:03:00",40.05635168,-105.5942169,1,2017-07-03,FALSE,NA,0.398171231,0.040072106,0.109437972,5.533333333,0.152752523,0.3
"NWT","Saddle","B1",2017,2017-07-03,"11:18:00",40.05580131,-105.5949304,1,2017-07-03,FALSE,NA,0.095098898,0.017266357,0.043273342,8.4,0.1,0.2
"NWT","Saddle","C1",2017,2017-07-03,"11:31:00",40.05527279,-105.5941995,1,2017-07-03,TRUE,NA,NA,NA,NA,NA,NA,NA
"NWT","Saddle","C2",2017,2017-07-03,"11:35:00",40.0552713,-105.5934853,1,2017-07-03,TRUE,NA,NA,NA,NA,NA,NA,NA
"NWT","Saddle","C3",2017,2017-07-03,"11:42:00",40.05525654,-105.5928226,1,2017-07-03,FALSE,NA,0.456692756,0.040731672,0.106346602,5.2,0.346410162,0.6
"NWT","Saddle","C4",2017,2017-07-03,"11:51:00",40.05528028,-105.5921034,1,2017-07-03,FALSE,NA,0.644083588,0.039765659,0.097695518,1.233333333,0.251661148,0.5
"NWT","Saddle","D3",2017,2017-07-03,"12:01:00",40.05475557,-105.5920666,1,2017-07-03,FALSE,NA,0.183659413,0.022979994,0.058240773,8.4,0.173205081,0.3
"NWT","Saddle","D2",2017,2017-07-03,"12:12:00",40.05473855,-105.5927751,1,2017-07-03,FALSE,NA,0.209744775,0.024730805,0.059011238,6.266666667,0.057735027,0.1
"NWT","Saddle","D1",2017,2017-07-03,"12:24:00",40.05474931,-105.5934924,1,2017-07-03,FALSE,NA,0.442191035,0.05650726,0.132771391,6,0.1,0.2
"NWT","Saddle","E1",2017,2017-07-03,"12:42:00",40.05419345,-105.5934868,1,2017-07-03,FALSE,NA,0.170147904,0.016283299,0.039476071,8.7,0,0
"NWT","Saddle","E2",2017,2017-07-03,"12:53:00",40.0542132,-105.5927618,1,2017-07-03,FALSE,NA,0.18261002,0.050659954,0.131158914,9.7,0.529150262,1
"NWT","Saddle","E3",2017,2017-07-03,"13:01:00",40.05419677,-105.5920523,1,2017-07-03,FALSE,NA,0.121008418,0.027716364,0.069646599,10.5,0.360555128,0.7
"NWT","Saddle","E4",2017,2017-07-03,"13:13:00",40.05420748,-105.5913913,1,2017-07-03,FALSE,NA,NA,NA,NA,NA,NA,NA
"NWT","Saddle","D4",2017,2017-07-03,"13:20:00",40.05474881,-105.5913547,1,2017-07-03,FALSE,NA,0.867955441,0.034090272,0.089927577,0.133333333,0.057735027,0.1
"NWT","Saddle","sn_06",2017,2017-07-03,"13:30:00",40.0550092,-105.5906277,1,2017-07-03,FALSE,NA,0.481411724,0.050599216,0.128870123,4.633333333,0.351188458,0.7
"NWT","Saddle","sn_07",2017,2017-07-03,"13:37:00",40.05488301,-105.5900327,1,2017-07-03,FALSE,NA,0.391723473,0.049602083,0.10093275,6.9,1.153256259,2.3
"NWT","Saddle","sn_08",2017,2017-07-03,"13:48:00",40.05484677,-105.5896659,1,2017-07-03,FALSE,NA,0.34522136,0.047793501,0.125084357,8.033333333,0.65064071,1.3
"NWT","Saddle","E6",2017,2017-07-03,"14:13:00",40.05421679,-105.5899755,1,2017-07-03,FALSE,NA,0.36202558,0.029117487,0.062746644,9.6,0.953939201,1.7
"NWT","Saddle","E7",2017,2017-07-03,"14:25:00",40.05424577,-105.5892853,1,2017-07-03,FALSE,NA,0.05977627,0.025723292,0.0658271,11.33333333,0.152752523,0.3
"NWT","Saddle","F6",2017,2017-07-03,"14:35:00",40.05368707,-105.5892693,1,2017-07-03,FALSE,NA,0.491543969,0.098649683,0.275259282,7.066666667,0.472581563,0.9
"NWT","Saddle","O1",2017,2017-07-05,"9:16:00",40.04902315,-105.5923132,1,2017-07-03,FALSE,NA,0.515304754,0.096955938,0.252825827,5.6,0.1,0.2
"NWT","Saddle","N1",2017,2017-07-05,"9:29:00",40.04935252,-105.5926689,1,2017-07-03,FALSE,NA,0.170599838,0.008795097,0.022125399,6.966666667,0.305505046,0.6
"NWT","Saddle","N2",2017,2017-07-05,"9:40:00",40.04933415,-105.5920584,1,2017-07-03,FALSE,NA,0.700785643,0.1142699,0.26293094,5.833333333,0.115470054,0.2
"NWT","Saddle","M3",2017,2017-07-05,"9:52:00",40.04988164,-105.5913191,1,2017-07-03,FALSE,NA,0.441363396,0.082241977,0.218718942,7,0.2,0.4
"NWT","Saddle","M2",2017,2017-07-05,"10:04:00",40.04989401,-105.5920233,1,2017-07-03,FALSE,NA,0.255732359,0.010960453,0.023804082,5.2,0,0
"NWT","Saddle","M1",2017,2017-07-05,"10:13:00",40.04987188,-105.5928369,1,2017-07-03,FALSE,NA,0.366428936,0.066148714,0.158197855,4.6,0.2,0.4
"NWT","Saddle","L1",2017,2017-07-05,"10:26:00",40.05044651,-105.5927057,1,2017-07-03,FALSE,NA,0.373247606,0.05453672,0.152150744,5.4,0.458257569,0.9
"NWT","Saddle","L2",2017,2017-07-05,"10:37:00",40.05043813,-105.5920719,1,2017-07-03,FALSE,NA,0.225663503,0.045451369,0.124821474,5.166666667,0.251661148,0.5
"NWT","Saddle","sn_19",2017,2017-07-05,"10:48:00",40.05066166,-105.5915001,1,2017-07-03,FALSE,NA,0.435080504,0.053150095,0.139507801,6.6,0.264575131,0.5
"NWT","Saddle","L4",2017,2017-07-05,"10:59:00",40.0504456,-105.5906115,1,2017-07-03,FALSE,NA,0.580122544,0.017962272,0.039848918,8.533333333,0.2081666,0.4
"NWT","Saddle","sn_20",2017,2017-07-05,"11:06:00",40.05072003,-105.5907592,1,2017-07-03,FALSE,NA,0.304708399,0.087289389,0.196847857,9.366666667,0.472581563,0.9
"NWT","Saddle","K5",2017,2017-07-05,"11:16:00",40.05095954,-105.5899998,1,2017-07-03,FALSE,NA,0.047828674,0.012089981,0.030311084,13.26666667,1.357694124,2.7
"NWT","Saddle","K4",2017,2017-07-05,"11:27:00",40.05097914,-105.5906758,1,2017-07-03,FALSE,NA,0.084245472,0.010009469,0.023014458,9.366666667,0.577350269,1
"NWT","Saddle","K3",2017,2017-07-05,"11:34:00",40.05097514,-105.5913555,1,2017-07-03,TRUE,NA,NA,NA,NA,NA,NA,NA
"NWT","Saddle","K2",2017,2017-07-05,"11:37:00",40.05098658,-105.5920743,1,2017-07-03,FALSE,NA,0.183141848,0.029203394,0.079129304,6.566666667,0.2081666,0.4
"NWT","Saddle","sn_18",2017,2017-07-05,"11:47:00",40.0509869,-105.5924085,1,2017-07-03,FALSE,NA,0.094881698,0.021272496,0.051386248,13,0.424264069,NA
"NWT","Saddle","J1",2017,2017-07-05,"11:55:00",40.05149143,-105.5927411,1,2017-07-03,FALSE,NA,0.04132665,0.01096253,0.027436363,14.8,0.692820323,1.2
"NWT","Saddle","J2",2017,2017-07-05,"12:02:00",40.05149357,-105.592041,1,2017-07-03,FALSE,NA,0.149190547,0.02972167,0.068956113,12.6,0.6,1.2
"NWT","Saddle","sn_16",2017,2017-07-05,"12:15:00",40.05179303,-105.5915631,1,2017-07-03,FALSE,NA,0.145585006,0.022185057,0.051160193,8.2,0.1,0.2
"NWT","Saddle","J3",2017,2017-07-05,"12:24:00",40.05154016,-105.5913011,1,2017-07-03,FALSE,NA,0.777602965,0.068916315,0.172818368,7.366666667,0.305505046,0.6
"NWT","Saddle","sn_17",2017,2017-07-05,"12:32:00",40.0516789,-105.5908743,1,2017-07-03,FALSE,NA,0.811443469,0.07483622,0.204706122,8.2,0.556776436,1.1
"NWT","Saddle","J4",2017,2017-07-05,"12:43:00",40.05154527,-105.5906619,1,2017-07-03,FALSE,NA,1.163785907,0.053280983,0.143195789,7.066666667,0.152752523,0.3
"NWT","Saddle","J5",2017,2017-07-05,"12:50:00",40.05151382,-105.5899544,1,2017-07-03,FALSE,NA,0.030184215,0.011957937,0.031348108,14.46666667,0.37859389,0.7
"NWT","Saddle","sn_21",2017,2017-07-05,"13:00:00",40.05155239,-105.5892905,1,2017-07-03,FALSE,NA,0.428161077,0.074682355,0.176316866,9.866666667,2.193931023,3.8
"NWT","Saddle","I6",2017,2017-07-05,"13:10:00",40.05205678,-105.58926,1,2017-07-03,FALSE,NA,0.107495552,0.014564539,0.039698665,9.166666667,0.763762616,1.5
"NWT","Saddle","I5",2017,2017-07-05,"13:23:00",40.05205963,-105.5899545,1,2017-07-03,FALSE,NA,1.08630132,0.068060503,0.169048264,6.8,0.608276253,1.1
"NWT","Saddle","F5",2017,2017-07-05,"14:30:00",40.0536651,-105.5899364,1,2017-07-03,FALSE,NA,0.321352803,0.043406303,0.103337493,8.733333333,0.152752523,0.3
"NWT","Saddle","I4",2017,2017-07-06,"9:21:00",40.05205341,-105.5906408,1,2017-07-03,FALSE,NA,1.030390326,0.043973364,0.103840822,7.633333333,0.152752523,0.3
"NWT","Saddle","I3",2017,2017-07-06,"9:30:00",40.0520303,-105.5913181,1,2017-07-03,TRUE,NA,NA,NA,NA,NA,NA,NA
"NWT","Saddle","sn_15",2017,2017-07-06,"9:41:00",40.05195455,-105.5922685,1,2017-07-03,FALSE,NA,0.347686249,0.032942727,0.091699545,7.266666667,0.115470054,0.2
"NWT","Saddle","I1",2017,2017-07-06,"9:50:00",40.05204881,-105.5927558,1,2017-07-03,FALSE,NA,0.052997669,0.017914404,0.044761265,9.966666667,0.321455025,0.6
"NWT","Saddle","H1",2017,2017-07-06,"10:03:00",40.05257942,-105.592765,1,2017-07-03,FALSE,NA,0.043173509,0.008134943,0.022633179,11.63333333,0.2081666,0.4
"NWT","Saddle","sn_11",2017,2017-07-06,"10:16:00",40.05259659,-105.5922562,1,2017-07-03,FALSE,NA,0.038076077,0.022132775,0.050949765,11.4,0.264575131,0.5
"NWT","Saddle","H3",2017,2017-07-06,"10:29:00",40.05257822,-105.5913486,1,2017-07-03,TRUE,NA,NA,NA,NA,NA,NA,NA
"NWT","Saddle","sn_12",2017,2017-07-06,"10:31:00",40.05257674,-105.5910776,1,2017-07-03,FALSE,NA,0.480943578,0.040904335,0.090104999,6.8,0.173205081,0.3
"NWT","Saddle","sn_13",2017,2017-07-06,"10:40:00",40.05267855,-105.5904478,1,2017-07-03,FALSE,NA,1.118011651,0.086210717,0.206113694,4.633333333,0.351188458,0.7
"NWT","Saddle","sn_14",2017,2017-07-06,"10:51:00",40.05304214,-105.5901738,1,2017-07-03,FALSE,NA,0.281820257,0.043413573,0.093294398,9.766666667,0.2081666,0.4
"NWT","Saddle","H5",2017,2017-07-06,"11:00:00",40.05260643,-105.5899521,1,2017-07-03,FALSE,NA,0.378903121,0.030359545,0.076887244,9.733333333,0.550757055,1
"NWT","Saddle","H6",2017,2017-07-06,"11:10:00",40.0526006,-105.5892416,1,2017-07-03,FALSE,NA,0.093221728,0.020237481,0.054126287,9.233333333,0.472581563,0.9
"NWT","Saddle","G6",2017,2017-07-06,"11:20:00",40.05313622,-105.5892476,1,2017-07-03,FALSE,NA,0.03031525,0.006522619,0.015800935,12.23333333,0.577350269,1
"NWT","Saddle","G5",2017,2017-07-06,"11:32:00",40.05316285,-105.5899398,1,2017-07-03,FALSE,NA,0.04548114,0.005764772,0.015023354,11.6,0.556776436,1.1
"NWT","Saddle","G4",2017,2017-07-06,"11:45:00",40.05315125,-105.5906595,1,2017-07-03,TRUE,NA,NA,NA,NA,NA,NA,NA
"NWT","Saddle","G3",2017,2017-07-06,"11:48:00",40.05312199,-105.5913906,1,2017-07-03,TRUE,NA,NA,NA,NA,NA,NA,NA
"NWT","Saddle","G2",2017,2017-07-06,"11:51:00",40.05312688,-105.5920359,1,2017-07-03,FALSE,NA,0.100562282,0.022257737,0.060120072,11.96666667,0.4163332,0.8
"NWT","Saddle","G1",2017,2017-07-06,"12:03:00",40.05312671,-105.5927724,1,2017-07-03,FALSE,NA,0.067745602,0.017656298,0.040962188,13,0.141421356,NA
"NWT","Saddle","F1",2017,2017-07-06,"12:15:00",40.05363289,-105.5927747,1,2017-07-03,FALSE,NA,0.041468363,0.023941049,0.057855124,14.4,0.5,1
"NWT","Saddle","F2",2017,2017-07-06,"12:28:00",40.05365185,-105.5921137,1,2017-07-03,FALSE,NA,0.389893118,0.068739603,0.165590516,6.1,1.946792233,3.7
"NWT","Saddle","F3",2017,2017-07-06,"12:37:00",40.05365406,-105.5913823,1,2017-07-03,TRUE,NA,NA,NA,NA,NA,NA,NA
"NWT","Saddle","F4",2017,2017-07-06,"12:41:00",40.05368056,-105.5906731,1,2017-07-03,FALSE,NA,0.973600534,0.037776576,0.08362811,9.233333333,0.288675135,0.5
"NWT","Saddle","sn_10",2017,2017-07-10,"8:54:00",40.05428005,-105.5881625,2,2017-07-10,FALSE,NA,0.070369782,0.026728429,0.070964642,8.733333333,0.057735027,0.1
"NWT","Saddle","sn_09",2017,2017-07-10,"9:02:00",40.05451188,-105.5888025,2,2017-07-10,FALSE,NA,0.068667109,0.012191164,0.029003866,8.833333333,0.115470054,0.2
"NWT","Saddle","D8",2017,2017-07-10,"9:08:00",40.05477337,-105.588547,2,2017-07-10,FALSE,NA,0.029998348,0.016743981,0.041115562,8.866666667,0.115470054,0.2
"NWT","Saddle","D7",2017,2017-07-10,"9:17:00",40.05475633,-105.5892997,2,2017-07-10,FALSE,NA,0.095961209,0.011573668,0.028781947,6.766666667,0.057735027,0.1
"NWT","Saddle","C8",2017,2017-07-10,"9:22:00",40.05531092,-105.5892701,2,2017-07-10,FALSE,NA,0.095457505,0.025116679,0.063811921,6.133333333,0.152752523,0.3
"NWT","Saddle","C7",2017,2017-07-10,"9:31:00",40.05529184,-105.589958,2,2017-07-10,FALSE,NA,0.271045746,0.08219945,0.201390276,8.533333333,0.057735027,0.1
"NWT","Saddle","C6",2017,2017-07-10,"9:40:00",40.05530278,-105.5906892,2,2017-07-10,FALSE,NA,0.202974082,0.046233775,0.117086318,6.533333333,0.152752523,0.3
"NWT","Saddle","C5",2017,2017-07-10,"9:46:00",40.05528265,-105.5913845,2,2017-07-10,FALSE,NA,0.396258369,0.052756237,0.138832673,5.466666667,0.2081666,0.4
"NWT","Saddle","B6",2017,2017-07-10,"9:51:00",40.05580624,-105.5913764,2,2017-07-10,FALSE,NA,0.324437006,0.051712342,0.115192488,7.066666667,0.472581563,0.9
"NWT","Saddle","B5",2017,2017-07-10,"9:57:00",40.0558249,-105.5920713,2,2017-07-10,TRUE,NA,NA,NA,NA,NA,NA,NA
"NWT","Saddle","B4",2017,2017-07-10,"10:04:00",40.05582609,-105.592797,2,2017-07-10,FALSE,NA,0.480116112,0.050826073,0.120493123,5.233333333,0.2081666,0.4
"NWT","Saddle","B3",2017,2017-07-10,"10:10:00",40.0557891,-105.5934707,2,2017-07-10,TRUE,NA,NA,NA,NA,NA,NA,NA
"NWT","Saddle","A3",2017,2017-07-10,"10:13:00",40.0563715,-105.5935083,2,2017-07-10,TRUE,NA,NA,NA,NA,NA,NA,NA
"NWT","Saddle","A2",2017,2017-07-10,"10:17:00",40.05635168,-105.5942169,2,2017-07-10,FALSE,NA,0.188920321,0.029734015,0.063105951,8,0.2,0.4
"NWT","Saddle","B1",2017,2017-07-10,"10:24:00",40.05580131,-105.5949304,2,2017-07-10,FALSE,NA,0.084454808,0.01595075,0.038078709,9,0.173205081,0.3
"NWT","Saddle","C1",2017,2017-07-10,"10:39:00",40.05527279,-105.5941995,2,2017-07-10,FALSE,NA,0.287124785,0.062682491,0.164231401,4.6,0.5,1
"NWT","Saddle","C2",2017,2017-07-10,"10:48:00",40.0552713,-105.5934853,2,2017-07-10,FALSE,NA,0.85562727,0.117167198,0.300793514,0.1,0,0
"NWT","Saddle","C3",2017,2017-07-10,"10:58:00",40.05525654,-105.5928226,2,2017-07-10,FALSE,NA,0.386939133,0.032135576,0.07597221,8.266666667,0.115470054,0.2
"NWT","Saddle","C4",2017,2017-07-10,"11:10:00",40.05528028,-105.5921034,2,2017-07-10,FALSE,NA,0.336952475,0.029331569,0.073631246,6.6,0.2,0.4
"NWT","Saddle","D3",2017,2017-07-10,"11:16:00",40.05475557,-105.5920666,2,2017-07-10,FALSE,NA,0.083487998,0.017734318,0.040940052,11.03333333,0.351188458,0.7
"NWT","Saddle","D2",2017,2017-07-10,"11:22:00",40.05473855,-105.5927751,2,2017-07-10,FALSE,NA,0.09920964,0.017987733,0.041921427,9.833333333,0.37859389,0.7
"NWT","Saddle","D1",2017,2017-07-10,"11:27:00",40.05474931,-105.5934924,2,2017-07-10,FALSE,NA,0.249840444,0.03343356,0.082626564,9.466666667,0.493288286,0.9
"NWT","Saddle","E1",2017,2017-07-10,"11:36:00",40.05419345,-105.5934868,2,2017-07-10,FALSE,NA,0.063264024,0.013157078,0.033928182,11.76666667,0.907377173,1.8
"NWT","Saddle","E2",2017,2017-07-10,"11:48:00",40.0542132,-105.5927618,2,2017-07-10,FALSE,NA,0.063503444,0.018691835,0.044576298,11.43333333,0.513160144,1
"NWT","Saddle","E3",2017,2017-07-10,"11:57:00",40.05419677,-105.5920523,2,2017-07-10,FALSE,NA,0.115169386,0.009860639,0.026934624,10.56666667,0.057735027,0.1
"NWT","Saddle","E4",2017,2017-07-10,"12:12:00",40.05420748,-105.5913913,2,2017-07-10,FALSE,NA,0.245628213,0.010475836,0.028613975,9.866666667,0.351188458,0.7
"NWT","Saddle","D4",2017,2017-07-10,"12:27:00",40.05474881,-105.5913547,2,2017-07-10,FALSE,NA,0.427010889,0.040275091,0.103488833,6.5,0.458257569,0.9
"NWT","Saddle","D5",2017,2017-07-10,"12:33:00",40.05474871,-105.5906769,2,2017-07-10,FALSE,NA,0.86711255,0.124315372,0.30172659,6.366666667,0.4163332,0.8
"NWT","Saddle","sn_06",2017,2017-07-10,"12:40:00",40.0550092,-105.5906277,2,2017-07-10,FALSE,NA,0.376587544,0.076251074,0.200969588,7.233333333,0.814452782,1.5
"NWT","Saddle","sn_07",2017,2017-07-10,"12:49:00",40.05488301,-105.5900327,2,2017-07-10,FALSE,NA,0.38105202,0.076223488,0.165843093,8.266666667,1.42243922,2.6
"NWT","Saddle","sn_08",2017,2017-07-10,"12:56:00",40.05484677,-105.5896659,2,2017-07-10,FALSE,NA,0.244911572,0.024668658,0.06435149,8.833333333,0.513160144,1
"NWT","Saddle","E5",2017,2017-07-10,"13:05:00",40.0542051,-105.5906687,2,2017-07-10,FALSE,NA,0.140893593,0.030638413,0.076919425,8.533333333,0.152752523,0.3
"NWT","Saddle","E6",2017,2017-07-10,"13:12:00",40.05421679,-105.5899755,2,2017-07-10,FALSE,NA,0.252640381,0.013098447,0.031007293,10.06666667,0.305505046,0.6
"NWT","Saddle","E7",2017,2017-07-10,"13:18:00",40.05424577,-105.5892853,2,2017-07-10,FALSE,NA,0.076575297,0.014044969,0.03524923,11.7,0.1,0.2
"NWT","Saddle","F6",2017,2017-07-10,"13:25:00",40.05368707,-105.5892693,2,2017-07-10,FALSE,NA,0.545601724,0.073038858,0.190185137,8.433333333,0.057735027,0.1
"NWT","Saddle","F5",2017,2017-07-10,"13:31:00",40.0536651,-105.5899364,2,2017-07-10,FALSE,NA,0.160669593,0.030127944,0.074968175,9.4,0.360555128,0.7
"NWT","Saddle","F4",2017,2017-07-10,"13:38:00",40.05368056,-105.5906731,2,2017-07-10,FALSE,NA,0.938558211,0.037809254,0.098238317,9.766666667,0.321455025,0.6
"NWT","Saddle","F3",2017,2017-07-10,"13:46:00",40.05365406,-105.5913823,2,2017-07-10,FALSE,NA,1.064322805,0.109476567,0.262551746,2.1,0.2,0.4
"NWT","Saddle","F2",2017,2017-07-10,"13:54:00",40.05365185,-105.5921137,2,2017-07-10,FALSE,NA,0.27219534,0.009508906,0.022300107,9.766666667,0.351188458,0.7
"NWT","Saddle","F1",2017,2017-07-10,"14:03:00",40.05363289,-105.5927747,2,2017-07-10,FALSE,NA,0.046276708,0.019018985,0.044947207,15.3,0.529150262,1
"NWT","Saddle","G1",2017,2017-07-10,"14:11:00",40.05312671,-105.5927724,2,2017-07-10,FALSE,NA,0.080740588,0.009498212,0.020004455,13.76666667,1.266227994,2.5
"NWT","Saddle","G2",2017,2017-07-10,"14:19:00",40.05312688,-105.5920359,2,2017-07-10,FALSE,NA,0.108221239,0.081384646,0.191025833,13.93333333,0.503322296,1
"NWT","Saddle","G3",2017,2017-07-10,"14:25:00",40.05312199,-105.5913906,2,2017-07-10,TRUE,NA,NA,NA,NA,NA,NA,NA
"NWT","Saddle","G4",2017,2017-07-10,"14:28:00",40.05315125,-105.5906595,2,2017-07-10,TRUE,NA,NA,NA,NA,NA,NA,NA
"NWT","Saddle","G5",2017,2017-07-10,"14:30:00",40.05316285,-105.5899398,2,2017-07-10,FALSE,NA,0.05751053,0.005736943,0.014411231,15.2,0.141421356,NA
"NWT","Saddle","O1",2017,2017-07-11,"10:07:00",40.04902315,-105.5923132,2,2017-07-10,FALSE,NA,0.397886341,0.118384301,0.312435904,7.433333333,0.057735027,0.1
"NWT","Saddle","N1",2017,2017-07-11,"10:13:00",40.04935252,-105.5926689,2,2017-07-10,FALSE,NA,0.103204263,0.022670004,0.05379014,9.633333333,0.152752523,0.3
"NWT","Saddle","N2",2017,2017-07-11,"10:19:00",40.04933415,-105.5920584,2,2017-07-10,FALSE,NA,0.701435086,0.018821248,0.04644339,7.666666667,0.057735027,0.1
"NWT","Saddle","M3",2017,2017-07-11,"10:28:00",40.04988164,-105.5913191,2,2017-07-10,FALSE,NA,0.165172191,0.026889233,0.05353129,7.466666667,0.2081666,0.4
"NWT","Saddle","M2",2017,2017-07-11,"10:37:00",40.04989401,-105.5920233,2,2017-07-10,FALSE,NA,0.222036927,0.035081323,0.085684305,6.3,0.346410162,0.6
"NWT","Saddle","M1",2017,2017-07-11,"10:43:00",40.04987188,-105.5928369,2,2017-07-10,FALSE,NA,0.163349984,0.032365763,0.083226603,8.7,0.264575131,0.5
"NWT","Saddle","L1",2017,2017-07-11,"10:56:00",40.05044651,-105.5927057,2,2017-07-10,FALSE,NA,0.314333434,0.062571026,0.141344116,5.8,0.556776436,1.1
"NWT","Saddle","L2",2017,2017-07-11,"11:05:00",40.05043813,-105.5920719,2,2017-07-10,FALSE,NA,0.151783738,0.051909107,0.126890028,6.266666667,0.305505046,0.6
"NWT","Saddle","sn_19",2017,2017-07-11,"11:11:00",40.05066166,-105.5915001,2,2017-07-10,FALSE,NA,0.445640827,0.061581055,0.155191139,8.666666667,0.251661148,0.5
"NWT","Saddle","sn_20",2017,2017-07-11,"11:17:00",40.05072003,-105.5907592,2,2017-07-10,FALSE,NA,0.272103676,0.032875501,0.083063708,10.53333333,0.152752523,0.3
"NWT","Saddle","L4",2017,2017-07-11,"11:23:00",40.0504456,-105.5906115,2,2017-07-10,FALSE,NA,0.44177452,0.108100441,0.239338675,10.46666667,0.152752523,0.3
"NWT","Saddle","K5",2017,2017-07-11,"11:30:00",40.05095954,-105.5899998,2,2017-07-10,FALSE,NA,0.022034186,0.007177656,0.016207864,13.5,0.5,1
"NWT","Saddle","K4",2017,2017-07-11,"11:39:00",40.05097914,-105.5906758,2,2017-07-10,FALSE,NA,0.106296664,0.021441329,0.054813088,9.733333333,0.288675135,0.5
"NWT","Saddle","K3",2017,2017-07-11,"11:44:00",40.05097514,-105.5913555,2,2017-07-10,TRUE,NA,NA,NA,NA,NA,NA,NA
"NWT","Saddle","K2",2017,2017-07-11,"11:48:00",40.05098658,-105.5920743,2,2017-07-10,FALSE,NA,0.139855206,0.02909004,0.072905338,8.4,0.1,0.2
"NWT","Saddle","sn_18",2017,2017-07-11,"11:57:00",40.0509869,-105.5924085,2,2017-07-10,FALSE,NA,0.086800435,0.011730128,0.025939386,12.9,1.571623365,3.1
"NWT","Saddle","J1",2017,2017-07-11,"12:07:00",40.05149143,-105.5927411,2,2017-07-10,FALSE,NA,0.06653738,0.025891078,0.058465593,13.93333333,0.665832812,1.2
"NWT","Saddle","J2",2017,2017-07-11,"12:18:00",40.05149357,-105.592041,2,2017-07-10,FALSE,NA,0.16653762,0.023424475,0.051173435,13.03333333,0.702376917,1.4
"NWT","Saddle","sn_16",2017,2017-07-11,"12:29:00",40.05179303,-105.5915631,2,2017-07-10,FALSE,NA,0.104085386,0.008556467,0.01931416,8.9,0.141421356,NA
"NWT","Saddle","J3",2017,2017-07-11,"12:34:00",40.05154016,-105.5913011,2,2017-07-10,FALSE,NA,0.83671416,0.147120051,0.328247359,8.733333333,0.115470054,0.2
"NWT","Saddle","sn_17",2017,2017-07-11,"12:39:00",40.0516789,-105.5908743,2,2017-07-10,FALSE,NA,0.749987566,0.103402925,0.23832365,8.6,0.360555128,0.7
"NWT","Saddle","J4",2017,2017-07-11,"12:44:00",40.05154527,-105.5906619,2,2017-07-10,FALSE,NA,1.169954623,0.03500238,0.081839487,8.866666667,0.305505046,0.6
"NWT","Saddle","J5",2017,2017-07-11,"12:49:00",40.05151382,-105.5899544,2,2017-07-10,FALSE,NA,0.061544524,0.024179967,0.060928048,14.46666667,0.635085296,1.1
"NWT","Saddle","sn_21",2017,2017-07-11,"12:56:00",40.05155239,-105.5892905,2,2017-07-10,FALSE,NA,0.349783866,0.069401198,0.177888985,10.4,0.98488578,1.9
"NWT","Saddle","I6",2017,2017-07-11,"13:05:00",40.05205678,-105.58926,2,2017-07-10,FALSE,NA,0.103919805,0.026491565,0.062138209,10.06666667,0.450924975,0.9
"NWT","Saddle","I5",2017,2017-07-11,"13:15:00",40.05205963,-105.5899545,2,2017-07-10,FALSE,NA,0.992457616,0.035669187,0.091543122,8.966666667,0.351188458,0.7
"NWT","Saddle","I4",2017,2017-07-11,"13:21:00",40.05205341,-105.5906408,2,2017-07-10,FALSE,NA,0.760598463,0.029987868,0.077004947,9.833333333,0.635085296,1.1
"NWT","Saddle","I3",2017,2017-07-11,"13:30:00",40.0520303,-105.5913181,2,2017-07-10,TRUE,NA,NA,NA,NA,NA,NA,NA
"NWT","Saddle","sn_15",2017,2017-07-11,"13:34:00",40.05195455,-105.5922685,2,2017-07-10,FALSE,NA,0.175086878,0.067763006,0.166335828,9.866666667,0.4163332,0.8
"NWT","Saddle","I1",2017,2017-07-11,"13:39:00",40.05204881,-105.5927558,2,2017-07-10,FALSE,NA,0.072923524,0.01473741,0.038432429,14.73333333,1.040833,2
"NWT","Saddle","H1",2017,2017-07-11,"13:46:00",40.05257942,-105.592765,2,2017-07-10,FALSE,NA,0.040794312,0.01813354,0.046470263,16.06666667,0.808290377,1.6
"NWT","Saddle","sn_11",2017,2017-07-11,"13:54:00",40.05259659,-105.5922562,2,2017-07-10,FALSE,NA,0.040504311,0.018675127,0.049726563,14.1,0.964365076,1.8
"NWT","Saddle","H3",2017,2017-07-11,"14:03:00",40.05257822,-105.5913486,2,2017-07-10,TRUE,NA,NA,NA,NA,NA,NA,NA
"NWT","Saddle","sn_12",2017,2017-07-11,"14:05:00",40.05257674,-105.5910776,2,2017-07-10,FALSE,NA,0.618523619,0.085985364,0.2150326,10.86666667,1.250333289,2.3
"NWT","Saddle","sn_13",2017,2017-07-11,"14:12:00",40.05267855,-105.5904478,2,2017-07-10,FALSE,NA,1.023727846,0.046688353,0.110205861,7.3,0.2,0.4
"NWT","Saddle","sn_14",2017,2017-07-11,"14:16:00",40.05304214,-105.5901738,2,2017-07-10,FALSE,NA,0.163329926,0.021847521,0.055166884,14.1,0.7,1.4
"NWT","Saddle","H5",2017,2017-07-11,"14:25:00",40.05260643,-105.5899521,2,2017-07-10,FALSE,NA,0.216493936,0.02030568,0.051130036,12.8,0.781024968,1.4
"NWT","Saddle","H6",2017,2017-07-11,"14:29:00",40.0526006,-105.5892416,2,2017-07-10,FALSE,NA,0.077095829,0.011887001,0.029717075,12.2,0.888819442,1.7
"NWT","Saddle","G6",2017,2017-07-11,"14:37:00",40.05313622,-105.5892476,2,2017-07-10,FALSE,NA,0.051137206,0.008471484,0.022258148,15.93333333,0.776745347,1.5
"NWT","Saddle","sn_10",2017,2017-07-18,"9:06:00",40.05428005,-105.5881625,3,2017-07-18,FALSE,13.9,0.089154769,0.01214604,0.024416323,10.5,0.1,0.2
"NWT","Saddle","sn_09",2017,2017-07-18,"9:13:00",40.05451188,-105.5888025,3,2017-07-18,FALSE,17,0.096062819,0.014409131,0.038320002,10.63333333,0.057735027,0.1
"NWT","Saddle","D8",2017,2017-07-18,"9:19:00",40.05477337,-105.588547,3,2017-07-18,FALSE,20.6,0.073829221,0.015022171,0.040296853,10.16666667,0.152752523,0.3
"NWT","Saddle","D7",2017,2017-07-18,"9:29:00",40.05475633,-105.5892997,3,2017-07-18,FALSE,20.3,0.088260876,0.013102947,0.033317054,8.666666667,0.115470054,0.2
"NWT","Saddle","C8",2017,2017-07-18,"9:36:00",40.05531092,-105.5892701,3,2017-07-18,FALSE,19.5,0.090443805,0.011971529,0.030551908,7.966666667,0.152752523,0.3
"NWT","Saddle","C7",2017,2017-07-18,"9:43:00",40.05529184,-105.589958,3,2017-07-18,FALSE,22.1,0.204225725,0.050512994,0.138876035,10.4,0.1,0.2
"NWT","Saddle","C6",2017,2017-07-18,"9:48:00",40.05530278,-105.5906892,3,2017-07-18,FALSE,33.9,0.102910943,0.01316367,0.034121832,9.6,0.1,0.2
"NWT","Saddle","C5",2017,2017-07-18,"9:56:00",40.05528265,-105.5913845,3,2017-07-18,FALSE,32.7,0.231398849,0.031951577,0.074503462,8.8,0.2,0.4
"NWT","Saddle","B6",2017,2017-07-18,"10:01:00",40.05580624,-105.5913764,3,2017-07-18,FALSE,31.8,0.12949665,0.010990128,0.02790676,10.73333333,0.230940108,0.4
"NWT","Saddle","B5",2017,2017-07-18,"10:09:00",40.0558249,-105.5920713,3,2017-07-18,FALSE,36.7,0.280761238,0.033134522,0.081192764,8.866666667,0.152752523,0.3
"NWT","Saddle","B4",2017,2017-07-18,"10:21:00",40.05582609,-105.592797,3,2017-07-18,FALSE,18.2,0.333433441,0.035987018,0.084676072,12.2,0.173205081,0.3
"NWT","Saddle","B3",2017,2017-07-18,"10:35:00",40.0557891,-105.5934707,3,2017-07-18,FALSE,13.1,0.677504719,0.037290605,0.091244092,0.9,1.3,2.3
"NWT","Saddle","A3",2017,2017-07-18,"10:43:00",40.0563715,-105.5935083,3,2017-07-18,TRUE,NA,NA,NA,NA,NA,NA,NA
"NWT","Saddle","A2",2017,2017-07-18,"10:47:00",40.05635168,-105.5942169,3,2017-07-18,FALSE,29.8,0.134133585,0.040252147,0.094617495,10.23333333,0.2081666,0.4
"NWT","Saddle","B1",2017,2017-07-18,"10:58:00",40.05580131,-105.5949304,3,2017-07-18,FALSE,21.7,0.100046396,0.006215675,0.014257001,10.5,0.173205081,0.3
"NWT","Saddle","C1",2017,2017-07-18,"11:09:00",40.05527279,-105.5941995,3,2017-07-18,FALSE,28.1,0.097431388,0.025893135,0.065013333,10.13333333,0.665832812,1.3
"NWT","Saddle","C2",2017,2017-07-18,"11:16:00",40.0552713,-105.5934853,3,2017-07-18,FALSE,22,0.339104979,0.059818143,0.156774379,5.433333333,0.873689495,1.7
"NWT","Saddle","C3",2017,2017-07-18,"11:21:00",40.05525654,-105.5928226,3,2017-07-18,FALSE,21.3,0.213977553,0.022845583,0.052716539,11.16666667,0.321455025,0.6
"NWT","Saddle","C4",2017,2017-07-18,"11:28:00",40.05528028,-105.5921034,3,2017-07-18,FALSE,21.8,0.23148852,0.03077287,0.069428184,10.1,0.435889894,0.8
"NWT","Saddle","D3",2017,2017-07-18,"11:35:00",40.05475557,-105.5920666,3,2017-07-18,FALSE,25.6,0.06863801,0.018137537,0.044549573,13.23333333,0.73711148,1.4
"NWT","Saddle","D2",2017,2017-07-18,"11:41:00",40.05473855,-105.5927751,3,2017-07-18,FALSE,22.2,0.060868007,0.005137131,0.013182728,12.66666667,0.351188458,0.7
"NWT","Saddle","D1",2017,2017-07-18,"11:48:00",40.05474931,-105.5934924,3,2017-07-18,FALSE,29.5,0.113835237,0.020988697,0.054036411,11.56666667,0.057735027,0.1
"NWT","Saddle","E1",2017,2017-07-18,"11:55:00",40.05419345,-105.5934868,3,2017-07-18,FALSE,36.8,0.061475626,0.016437688,0.04366599,14.03333333,0.351188458,0.7
"NWT","Saddle","E2",2017,2017-07-18,"12:03:00",40.0542132,-105.5927618,3,2017-07-18,FALSE,21.8,0.063161117,0.008922737,0.020042976,13.8,0.4,0.8
"NWT","Saddle","E3",2017,2017-07-18,"12:13:00",40.05419677,-105.5920523,3,2017-07-18,FALSE,20.1,0.075098027,0.016517317,0.042956087,13.76666667,0.152752523,0.3
"NWT","Saddle","E4",2017,2017-07-18,"12:20:00",40.05420748,-105.5913913,3,2017-07-18,FALSE,28.4,0.088654171,0.018366937,0.045703891,13.2,0.1,0.2
"NWT","Saddle","D4",2017,2017-07-18,"12:27:00",40.05474881,-105.5913547,3,2017-07-18,FALSE,20.9,0.270155434,0.023845856,0.053611149,9.733333333,0.057735027,0.1
"NWT","Saddle","D5",2017,2017-07-18,"12:32:00",40.05474871,-105.5906769,3,2017-07-18,FALSE,21.1,0.630197707,0.116874965,0.278597341,8.133333333,0.057735027,0.1
"NWT","Saddle","sn_06",2017,2017-07-18,"12:38:00",40.0550092,-105.5906277,3,2017-07-18,FALSE,21.8,0.272874997,0.028129544,0.077612269,9.4,0.435889894,0.8
"NWT","Saddle","sn_07",2017,2017-07-18,"12:45:00",40.05488301,-105.5900327,3,2017-07-18,FALSE,22.6,0.19016636,0.04881243,0.128920205,9.5,0.781024968,1.4
"NWT","Saddle","sn_08",2017,2017-07-18,"12:50:00",40.05484677,-105.5896659,3,2017-07-18,FALSE,21,0.177711328,0.058675402,0.138719498,10.73333333,0.4163332,0.8
"NWT","Saddle","E5",2017,2017-07-18,"12:58:00",40.0542051,-105.5906687,3,2017-07-18,FALSE,24.9,0.073598188,0.0149202,0.038432429,10.4,0.1,0.2
"NWT","Saddle","E6",2017,2017-07-18,"13:04:00",40.05421679,-105.5899755,3,2017-07-18,FALSE,23.5,0.165222251,0.017205928,0.040753367,11.16666667,0.115470054,0.2
"NWT","Saddle","E7",2017,2017-07-18,"13:12:00",40.05424577,-105.5892853,3,2017-07-18,FALSE,27.6,0.066676222,0.02034755,0.046734011,13.23333333,0.288675135,0.5
"NWT","Saddle","F6",2017,2017-07-19,"8:44:00",40.05368707,-105.5892693,3,2017-07-18,FALSE,16.4,0.511777211,0.085993826,0.205819042,9,0,0
"NWT","Saddle","F5",2017,2017-07-19,"8:54:00",40.0536651,-105.5899364,3,2017-07-18,FALSE,19.2,0.138099155,0.022022497,0.06167508,8.933333333,0.115470054,0.2
"NWT","Saddle","F4",2017,2017-07-19,"8:58:00",40.05368056,-105.5906731,3,2017-07-18,FALSE,12.3,0.961600707,0.048424547,0.119021258,10.83333333,0.503322296,1
"NWT","Saddle","F3",2017,2017-07-19,"9:03:00",40.05365406,-105.5913823,3,2017-07-18,FALSE,14.4,0.784768305,0.122810817,0.30361479,7.033333333,0.251661148,0.5
"NWT","Saddle","F2",2017,2017-07-19,"9:08:00",40.05365185,-105.5921137,3,2017-07-18,FALSE,18.2,0.113071556,0.008112291,0.019304941,8.966666667,0.057735027,0.1
"NWT","Saddle","F1",2017,2017-07-19,"9:13:00",40.05363289,-105.5927747,3,2017-07-18,FALSE,22.6,0.057019187,0.00633031,0.01564486,12.26666667,0.057735027,0.1
"NWT","Saddle","G1",2017,2017-07-19,"9:21:00",40.05312671,-105.5927724,3,2017-07-18,FALSE,19.5,0.07749762,0.004683459,0.011292674,11.06666667,0.057735027,0.1
"NWT","Saddle","G2",2017,2017-07-19,"9:32:00",40.05312688,-105.5920359,3,2017-07-18,FALSE,16.6,0.089112633,0.017946317,0.041103737,11.43333333,0.057735027,0.1
"NWT","Saddle","G3",2017,2017-07-19,"9:39:00",40.05312199,-105.5913906,3,2017-07-18,TRUE,NA,NA,NA,NA,NA,NA,NA
"NWT","Saddle","G4",2017,2017-07-19,"9:44:00",40.05315125,-105.5906595,3,2017-07-18,FALSE,14.8,0.159523979,0.011874521,0.027361542,6.966666667,0.152752523,0.3
"NWT","Saddle","sn_14",2017,2017-07-19,"9:51:00",40.05304214,-105.5901738,3,2017-07-18,FALSE,26.9,0.096842191,0.031145629,0.076901431,11,0,0
"NWT","Saddle","G5",2017,2017-07-19,"9:56:00",40.05316285,-105.5899398,3,2017-07-18,FALSE,23.1,0.036616107,0.020096448,0.046657336,11.73333333,0.2081666,0.4
"NWT","Saddle","G6",2017,2017-07-19,"10:04:00",40.05313622,-105.5892476,3,2017-07-18,FALSE,20.7,0.047576544,0.018499137,0.043507218,12.03333333,0.305505046,0.6
"NWT","Saddle","H6",2017,2017-07-19,"10:12:00",40.0526006,-105.5892416,3,2017-07-18,FALSE,27.6,0.079455328,0.014697339,0.037375566,9.8,0.173205081,0.3
"NWT","Saddle","H5",2017,2017-07-19,"10:19:00",40.05260643,-105.5899521,3,2017-07-18,FALSE,18,0.097137418,0.017964428,0.046127977,11.03333333,0.321455025,0.6
"NWT","Saddle","sn_13",2017,2017-07-19,"10:25:00",40.05267855,-105.5904478,3,2017-07-18,FALSE,13.3,0.907708742,0.11155453,0.294790157,7.666666667,0.057735027,0.1
"NWT","Saddle","sn_12",2017,2017-07-19,"10:31:00",40.05257674,-105.5910776,3,2017-07-18,FALSE,12,0.399839191,0.028289619,0.058163342,10.36666667,0.321455025,0.6
"NWT","Saddle","H3",2017,2017-07-19,"10:41:00",40.05257822,-105.5913486,3,2017-07-18,FALSE,3.3,0.693893168,0.058326343,0.131715655,0.066666667,0.057735027,0.1
"NWT","Saddle","sn_11",2017,2017-07-19,"10:48:00",40.05259659,-105.5922562,3,2017-07-18,FALSE,25.6,0.034108044,0.012059973,0.0327247,12.1,0.1,0.2
"NWT","Saddle","H1",2017,2017-07-19,"10:56:00",40.05257942,-105.592765,3,2017-07-18,FALSE,35.8,0.046838275,0.02200879,0.05380016,13.86666667,0.461880215,0.8
"NWT","Saddle","I1",2017,2017-07-19,"11:02:00",40.05204881,-105.5927558,3,2017-07-18,FALSE,35,0.065849131,0.013027909,0.032555662,12,0.529150262,1
"NWT","Saddle","sn_15",2017,2017-07-19,"11:10:00",40.05195455,-105.5922685,3,2017-07-18,FALSE,29.8,0.111043432,0.027821446,0.075144094,9.7,0.3,0.6
"NWT","Saddle","sn_16",2017,2017-07-19,"11:18:00",40.05179303,-105.5915631,3,2017-07-18,FALSE,26.6,0.096625062,0.010272958,0.026906328,8.866666667,0.351188458,0.7
"NWT","Saddle","I3",2017,2017-07-19,"11:25:00",40.0520303,-105.5913181,3,2017-07-18,FALSE,4.2,0.950260763,0.141465686,0.348939873,2.233333333,0.057735027,0.1
"NWT","Saddle","sn_17",2017,2017-07-19,"11:36:00",40.0516789,-105.5908743,3,2017-07-18,FALSE,14.7,0.738894901,0.062796986,0.164813237,9.533333333,0.152752523,0.3
"NWT","Saddle","I4",2017,2017-07-19,"11:41:00",40.05205341,-105.5906408,3,2017-07-18,FALSE,24.4,0.529000267,0.049982302,0.118414197,9.4,0,0
"NWT","Saddle","I5",2017,2017-07-19,"11:49:00",40.05205963,-105.5899545,3,2017-07-18,FALSE,26.1,0.95665103,0.018941655,0.047790809,8.833333333,0.2081666,0.4
"NWT","Saddle","I6",2017,2017-07-19,"11:56:00",40.05205678,-105.58926,3,2017-07-18,FALSE,36.5,0.073097973,0.031211309,0.076916671,10.1,0.346410162,0.6
"NWT","Saddle","sn_21",2017,2017-07-19,"12:13:00",40.05155239,-105.5892905,3,2017-07-18,FALSE,21.9,0.274861236,0.050690171,0.136652072,10.7,0.519615242,0.9
"NWT","Saddle","J5",2017,2017-07-19,"12:18:00",40.05151382,-105.5899544,3,2017-07-18,FALSE,46.8,0.058972551,0.004079436,0.010740998,15.43333333,0.665832812,1.2
"NWT","Saddle","J4",2017,2017-07-19,"12:25:00",40.05154527,-105.5906619,3,2017-07-18,FALSE,25,1.138119708,0.108741089,0.291356912,9.633333333,0.152752523,0.3
"NWT","Saddle","J3",2017,2017-07-19,"12:30:00",40.05154016,-105.5913011,3,2017-07-18,FALSE,29.2,0.727542893,0.026071625,0.06885648,9.4,0.1,0.2
"NWT","Saddle","J2",2017,2017-07-19,"12:35:00",40.05149357,-105.592041,3,2017-07-18,FALSE,33.9,0.114566984,0.010434069,0.026934624,13.56666667,0.351188458,0.7
"NWT","Saddle","J1",2017,2017-07-19,"12:42:00",40.05149143,-105.5927411,3,2017-07-18,FALSE,44.4,0.071135277,0.014034805,0.033928182,15.16666667,0.493288286,0.9
"NWT","Saddle","sn_18",2017,2017-07-19,"12:49:00",40.0509869,-105.5924085,3,2017-07-18,FALSE,41.1,0.07222294,0.008447684,0.020664745,14.2,0.556776436,1.1
"NWT","Saddle","K2",2017,2017-07-19,"12:57:00",40.05098658,-105.5920743,3,2017-07-18,FALSE,43.1,0.111760729,0.025718959,0.061830387,9.333333333,0.115470054,0.2
"NWT","Saddle","K3",2017,2017-07-19,"13:04:00",40.05097514,-105.5913555,3,2017-07-18,FALSE,34.1,0.547590868,0.098875717,0.260963284,5.3,0.264575131,0.5
"NWT","Saddle","sn_19",2017,2017-07-19,"13:10:00",40.05066166,-105.5915001,3,2017-07-18,FALSE,28.8,0.37420313,0.058121463,0.133655189,10.1,0,0
"NWT","Saddle","sn_20",2017,2017-07-19,"13:16:00",40.05072003,-105.5907592,3,2017-07-18,FALSE,44.9,0.174869508,0.014225953,0.037865398,13.06666667,0.513160144,1
"NWT","Saddle","K4",2017,2017-07-19,"13:23:00",40.05097914,-105.5906758,3,2017-07-18,FALSE,35,0.077857411,0.026485468,0.060907809,10.83333333,0.513160144,1
"NWT","Saddle","K5",2017,2017-07-19,"13:29:00",40.05095954,-105.5899998,3,2017-07-18,FALSE,34.8,0.049324792,0.011732888,0.028744622,17.33333333,0.450924975,0.9
"NWT","Saddle","L4",2017,2017-07-19,"13:36:00",40.0504456,-105.5906115,3,2017-07-18,FALSE,20.9,0.388149453,0.115369436,0.294673129,12.56666667,0.611010093,1.2
"NWT","Saddle","L2",2017,2017-07-19,"13:44:00",40.05043813,-105.5920719,3,2017-07-18,FALSE,24,0.08271832,0.019883273,0.042956087,9.166666667,0.763762616,1.5
"NWT","Saddle","L1",2017,2017-07-19,"13:49:00",40.05044651,-105.5927057,3,2017-07-18,FALSE,22.8,0.162450757,0.028691565,0.067455932,10.7,0.3,0.6
"NWT","Saddle","M1",2017,2017-07-19,"13:57:00",40.04987188,-105.5928369,3,2017-07-18,FALSE,23.5,0.128232086,0.021130637,0.043055371,11.6,0.98488578,1.9
"NWT","Saddle","M2",2017,2017-07-19,"14:04:00",40.04989401,-105.5920233,3,2017-07-18,FALSE,28.8,0.132842945,0.017246569,0.042039809,9.4,0.6244998,1.2
"NWT","Saddle","M3",2017,2017-07-19,"14:14:00",40.04988164,-105.5913191,3,2017-07-18,FALSE,20.7,0.077534648,0.021708093,0.051427142,8.533333333,0.288675135,0.5
"NWT","Saddle","N1",2017,2017-07-19,"14:23:00",40.04935252,-105.5926689,3,2017-07-18,FALSE,28.4,0.075165177,0.019503753,0.045992868,15.2,0.360555128,0.7
"NWT","Saddle","O1",2017,2017-07-19,"14:29:00",40.04902315,-105.5923132,3,2017-07-18,FALSE,19.4,0.381032089,0.092131004,0.247879671,10.7,0.6244998,1.2
"NWT","Saddle","N2",2017,2017-07-19,"14:36:00",40.04933415,-105.5920584,3,2017-07-18,FALSE,18.2,0.534883834,0.07030831,0.179534409,10.5,0.2,0.4
"NWT","Saddle","sn_10",2017,2017-07-24,"8:52:00",40.05428005,-105.5881625,4,2017-07-24,FALSE,15,0.190788369,0.026506548,0.056065352,9.166666667,0.152752523,0.3
"NWT","Saddle","sn_09",2017,2017-07-24,"8:57:00",40.05451188,-105.5888025,4,2017-07-24,FALSE,22.5,0.149588567,0.049589823,0.130378437,9.366666667,0.2081666,0.4
"NWT","Saddle","D8",2017,2017-07-24,"9:02:00",40.05477337,-105.588547,4,2017-07-24,FALSE,19.2,0.177393428,0.062645516,0.152050789,9.4,0.173205081,0.3
"NWT","Saddle","D7",2017,2017-07-24,"9:08:00",40.05475633,-105.5892997,4,2017-07-24,FALSE,19.8,0.166377766,0.039470139,0.082107663,8.4,0.173205081,0.3
"NWT","Saddle","sn_08",2017,2017-07-24,"9:14:00",40.05484677,-105.5896659,4,2017-07-24,FALSE,17.6,0.202611861,0.058858886,0.140194135,8.533333333,0.057735027,0.1
"NWT","Saddle","C8",2017,2017-07-24,"9:21:00",40.05531092,-105.5892701,4,2017-07-24,FALSE,19.5,0.175969693,0.047032965,0.096897263,7.966666667,0.152752523,0.3
"NWT","Saddle","C7",2017,2017-07-24,"9:25:00",40.05529184,-105.589958,4,2017-07-24,FALSE,29.5,0.219056192,0.056204496,0.14250783,9.866666667,0.152752523,0.3
"NWT","Saddle","C6",2017,2017-07-24,"9:32:00",40.05530278,-105.5906892,4,2017-07-24,FALSE,23,0.16002211,0.040504665,0.097267914,9.1,0.1,0.2
"NWT","Saddle","C5",2017,2017-07-24,"9:36:00",40.05528265,-105.5913845,4,2017-07-24,FALSE,21.9,0.226842411,0.041785186,0.095452801,8.8,0.1,0.2
"NWT","Saddle","B6",2017,2017-07-24,"9:42:00",40.05580624,-105.5913764,4,2017-07-24,FALSE,19.1,0.183547025,0.02614922,0.06982856,10.23333333,0.057735027,0.1
"NWT","Saddle","B5",2017,2017-07-24,"9:50:00",40.0558249,-105.5920713,4,2017-07-24,FALSE,25.3,0.24375072,0.033153274,0.085308385,9.133333333,0.115470054,0.2
"NWT","Saddle","B4",2017,2017-07-24,"9:55:00",40.05582609,-105.592797,4,2017-07-24,FALSE,27,0.265585077,0.041278774,0.101791722,11.56666667,0.305505046,0.6
"NWT","Saddle","B3",2017,2017-07-24,"10:01:00",40.0557891,-105.5934707,4,2017-07-24,FALSE,26.6,0.37396379,0.049197987,0.120890585,5.5,0.435889894,0.8
"NWT","Saddle","A3",2017,2017-07-24,"10:08:00",40.0563715,-105.5935083,4,2017-07-24,FALSE,34.1,0.377245307,0.031903496,0.081221061,6.233333333,0.152752523,0.3
"NWT","Saddle","A2",2017,2017-07-24,"10:16:00",40.05635168,-105.5942169,4,2017-07-24,FALSE,33.1,0.221942173,0.010981534,0.024374505,9.566666667,0.2081666,0.4
"NWT","Saddle","C1",2017,2017-07-24,"10:33:00",40.05527279,-105.5941995,4,2017-07-24,FALSE,24.5,0.140814362,0.028413183,0.073438914,9,0.264575131,0.5
"NWT","Saddle","C2",2017,2017-07-24,"10:42:00",40.0552713,-105.5934853,4,2017-07-24,FALSE,27.4,0.248707302,0.043854607,0.115223838,7.2,0.346410162,0.6
"NWT","Saddle","C3",2017,2017-07-24,"10:47:00",40.05525654,-105.5928226,4,2017-07-24,FALSE,25.9,0.193987248,0.019662423,0.050262571,10.66666667,0.56862407,1.1
"NWT","Saddle","C4",2017,2017-07-24,"10:53:00",40.05528028,-105.5921034,4,2017-07-24,FALSE,38.9,0.231677571,0.027972302,0.075977966,10.23333333,0.37859389,0.7
"NWT","Saddle","D3",2017,2017-07-24,"10:59:00",40.05475557,-105.5920666,4,2017-07-24,FALSE,36.5,0.104557812,0.026119309,0.05608779,11.96666667,0.4163332,0.8
"NWT","Saddle","D2",2017,2017-07-24,"11:05:00",40.05473855,-105.5927751,4,2017-07-24,FALSE,28.4,0.113325295,0.025051177,0.061593765,10.96666667,0.152752523,0.3
"NWT","Saddle","D1",2017,2017-07-24,"11:09:00",40.05474931,-105.5934924,4,2017-07-24,FALSE,31.2,0.209769954,0.02968021,0.073979335,11,0.264575131,0.5
"NWT","Saddle","E1",2017,2017-07-24,"11:18:00",40.05419345,-105.5934868,4,2017-07-24,FALSE,30.3,0.114668897,0.030099218,0.079546358,12.56666667,0.305505046,0.6
"NWT","Saddle","E2",2017,2017-07-24,"11:24:00",40.0542132,-105.5927618,4,2017-07-24,FALSE,34.7,0.171638294,0.040067345,0.100599812,12.4,0.435889894,0.8
"NWT","Saddle","E3",2017,2017-07-24,"11:33:00",40.05419677,-105.5920523,4,2017-07-24,FALSE,30.1,0.1336093,0.007393626,0.020011106,12.86666667,1.078579312,2
"NWT","Saddle","E4",2017,2017-07-24,"11:41:00",40.05420748,-105.5913913,4,2017-07-24,FALSE,47.5,0.118096694,0.043772171,0.101104338,12.66666667,0.611010093,1.2
"NWT","Saddle","D4",2017,2017-07-24,"11:47:00",40.05474881,-105.5913547,4,2017-07-24,FALSE,28.1,0.256358707,0.072032727,0.164425106,9.4,0.173205081,0.3
"NWT","Saddle","D5",2017,2017-07-24,"11:52:00",40.05474871,-105.5906769,4,2017-07-24,FALSE,27.8,0.687710795,0.09991989,0.207399051,8.766666667,0.37859389,0.7
"NWT","Saddle","sn_06",2017,2017-07-24,"11:56:00",40.0550092,-105.5906277,4,2017-07-24,FALSE,32.2,0.244013576,0.020153004,0.052563341,9.7,0.6244998,1.2
"NWT","Saddle","sn_07",2017,2017-07-24,"12:02:00",40.05488301,-105.5900327,4,2017-07-24,FALSE,30.1,0.200610385,0.043026131,0.098255842,10.83333333,1.800925688,3.3
"NWT","Saddle","E5",2017,2017-07-24,"12:12:00",40.0542051,-105.5906687,4,2017-07-24,FALSE,24,0.141500317,0.038088436,0.099031906,10.26666667,0.115470054,0.2
"NWT","Saddle","E6",2017,2017-07-24,"12:16:00",40.05421679,-105.5899755,4,2017-07-24,FALSE,48.8,0.221194536,0.02588919,0.06828095,10.73333333,0.351188458,0.7
"NWT","Saddle","E7",2017,2017-07-24,"12:20:00",40.05424577,-105.5892853,4,2017-07-24,FALSE,41.7,0.137952985,0.018943789,0.048807117,12.03333333,0.305505046,0.6
"NWT","Saddle","F6",2017,2017-07-24,"12:30:00",40.05368707,-105.5892693,4,2017-07-24,FALSE,31,0.489033105,0.067465524,0.16616918,10.06666667,0.450924975,0.9
"NWT","Saddle","F5",2017,2017-07-24,"12:35:00",40.0536651,-105.5899364,4,2017-07-24,FALSE,35.3,0.207063201,0.026430942,0.059270019,10.53333333,0.152752523,0.3
"NWT","Saddle","F4",2017,2017-07-24,"12:41:00",40.05368056,-105.5906731,4,2017-07-24,FALSE,21.4,0.918624491,0.050607514,0.137586704,10.76666667,0.838649708,1.5
"NWT","Saddle","F3",2017,2017-07-24,"12:48:00",40.05365406,-105.5913823,4,2017-07-24,FALSE,26.6,0.527362769,0.073256225,0.177805414,9.033333333,0.472581563,0.9
"NWT","Saddle","F2",2017,2017-07-24,"12:55:00",40.05365185,-105.5921137,4,2017-07-24,FALSE,28,0.130785075,0.021799281,0.058263643,11.86666667,0.251661148,0.5
"NWT","Saddle","F1",2017,2017-07-24,"13:00:00",40.05363289,-105.5927747,4,2017-07-24,FALSE,48.8,0.11135095,0.012619712,0.033091689,16.4,1.212435565,2.1
"NWT","Saddle","G1",2017,2017-07-24,"13:16:00",40.05312671,-105.5927724,4,2017-07-24,FALSE,37.7,0.151039264,0.008063582,0.017761263,14.56666667,0.945163125,1.8
"NWT","Saddle","G2",2017,2017-07-24,"13:22:00",40.05312688,-105.5920359,4,2017-07-24,FALSE,20.3,0.133417438,0.007816301,0.019866101,14.03333333,0.493288286,0.9
"NWT","Saddle","G3",2017,2017-07-24,"13:30:00",40.05312199,-105.5913906,4,2017-07-24,FALSE,39.7,0.160834437,0.018271336,0.037984116,14.13333333,0.351188458,0.7
"NWT","Saddle","G4",2017,2017-07-24,"13:38:00",40.05315125,-105.5906595,4,2017-07-24,FALSE,27.4,0.117804911,0.02783668,0.067769065,15.26666667,1.379613472,2.6
"NWT","Saddle","sn_14",2017,2017-07-24,"13:43:00",40.05304214,-105.5901738,4,2017-07-24,FALSE,31.3,0.148858376,0.035147824,0.080355778,14.9,1.4,2.6
"NWT","Saddle","G5",2017,2017-07-24,"13:54:00",40.05316285,-105.5899398,4,2017-07-24,FALSE,23.7,0.112016947,0.010697086,0.027767878,16.56666667,0.503322296,1
"NWT","Saddle","G6",2017,2017-07-24,"14:06:00",40.05313622,-105.5892476,4,2017-07-24,FALSE,21.3,0.098261391,0.035912605,0.093702438,16.03333333,0.503322296,1
"NWT","Saddle","H6",2017,2017-07-24,"14:13:00",40.0526006,-105.5892416,4,2017-07-24,FALSE,25.2,0.128154116,0.02703245,0.068673661,15.06666667,2.122105872,4.1
"NWT","Saddle","H5",2017,2017-07-24,"14:21:00",40.05260643,-105.5899521,4,2017-07-24,FALSE,25.5,0.144122133,0.033287525,0.086723982,16.33333333,2.657693235,5.3
"NWT","Saddle","sn_13",2017,2017-07-24,"14:29:00",40.05267855,-105.5904478,4,2017-07-24,FALSE,16.3,0.641283303,0.090270473,0.233730548,9.033333333,0.057735027,0.1
"NWT","Saddle","sn_12",2017,2017-07-24,"14:36:00",40.05257674,-105.5910776,4,2017-07-24,FALSE,13.9,0.34485323,0.038452578,0.095131504,11.8,0.721110255,1.4
"NWT","Saddle","O1",2017,2017-07-25,"9:22:00",40.04902315,-105.5923132,4,2017-07-24,FALSE,15.9,0.309300237,0.064985951,0.165285867,9.8,0,0
"NWT","Saddle","N2",2017,2017-07-25,"9:34:00",40.04933415,-105.5920584,4,2017-07-24,FALSE,11.9,0.576124384,0.052709371,0.130942342,9.433333333,0.152752523,0.3
"NWT","Saddle","N1",2017,2017-07-25,"9:41:00",40.04935252,-105.5926689,4,2017-07-24,FALSE,17,0.096800969,0.026522099,0.064513898,10.23333333,0.152752523,0.3
"NWT","Saddle","M1",2017,2017-07-25,"9:54:00",40.04987188,-105.5928369,4,2017-07-24,FALSE,20.3,0.157315449,0.01726767,0.043696626,9.766666667,0.2081666,0.4
"NWT","Saddle","M2",2017,2017-07-25,"10:01:00",40.04989401,-105.5920233,4,2017-07-24,FALSE,15.8,0.141654362,0.055164255,0.12345922,8.1,0.1,0.2
"NWT","Saddle","M3",2017,2017-07-25,"10:21:00",40.04988164,-105.5913191,4,2017-07-24,FALSE,22.2,0.041723082,0.019880554,0.041609765,8.333333333,0.305505046,0.6
"NWT","Saddle","L4",2017,2017-07-25,"10:32:00",40.0504456,-105.5906115,4,2017-07-24,FALSE,16.6,0.35043732,0.066429656,0.182720844,10.96666667,0.152752523,0.3
"NWT","Saddle","sn_20",2017,2017-07-25,"10:39:00",40.05072003,-105.5907592,4,2017-07-24,FALSE,21.1,0.158455446,0.048730172,0.106781711,11.56666667,0.115470054,0.2
"NWT","Saddle","sn_19",2017,2017-07-25,"10:45:00",40.05066166,-105.5915001,4,2017-07-24,FALSE,17.3,0.326666251,0.028530181,0.067607764,9.766666667,0.2081666,0.4
"NWT","Saddle","L2",2017,2017-07-25,"10:53:00",40.05043813,-105.5920719,4,2017-07-24,FALSE,19.7,0.094217471,0.026433273,0.065293806,8.733333333,0.2081666,0.4
"NWT","Saddle","L1",2017,2017-07-25,"11:00:00",40.05044651,-105.5927057,4,2017-07-24,FALSE,17.2,0.181709638,0.031798758,0.082205616,9.5,0,0
"NWT","Saddle","sn_18",2017,2017-07-25,"11:11:00",40.0509869,-105.5924085,4,2017-07-24,FALSE,18.7,0.134093019,0.017763823,0.045071955,12.7,0.458257569,0.9
"NWT","Saddle","K2",2017,2017-07-25,"11:20:00",40.05098658,-105.5920743,4,2017-07-24,FALSE,16.6,0.10270501,0.044555294,0.104142179,8.933333333,0.152752523,0.3
"NWT","Saddle","K3",2017,2017-07-25,"11:28:00",40.05097514,-105.5913555,4,2017-07-24,FALSE,15.3,0.485762821,0.095533812,0.211575498,9.733333333,0.115470054,0.2
"NWT","Saddle","K4",2017,2017-07-25,"11:33:00",40.05097914,-105.5906758,4,2017-07-24,FALSE,16.8,0.119143045,0.016493781,0.034910062,10.23333333,0.251661148,0.5
"NWT","Saddle","K5",2017,2017-07-25,"11:40:00",40.05095954,-105.5899998,4,2017-07-24,FALSE,19.9,0.057246709,0.014896793,0.038144229,14.3,0.608276253,1.1
"NWT","Saddle","sn_21",2017,2017-07-25,"11:47:00",40.05155239,-105.5892905,4,2017-07-24,FALSE,14.8,0.296036714,0.037085049,0.092059324,11.06666667,0.321455025,0.6
"NWT","Saddle","J5",2017,2017-07-25,"12:05:00",40.05151382,-105.5899544,4,2017-07-24,FALSE,22.6,0.093500274,0.023056936,0.061635576,14.06666667,0.450924975,0.9
"NWT","Saddle","J4",2017,2017-07-25,"12:15:00",40.05154527,-105.5906619,4,2017-07-24,FALSE,15.3,1.118485962,0.042229372,0.104797645,10.16666667,0.057735027,0.1
"NWT","Saddle","sn_17",2017,2017-07-25,"12:24:00",40.0516789,-105.5908743,4,2017-07-24,FALSE,16.2,0.769326263,0.050530743,0.125336278,10.13333333,0.2081666,0.4
"NWT","Saddle","J3",2017,2017-07-25,"12:31:00",40.05154016,-105.5913011,4,2017-07-24,FALSE,17.9,0.748801504,0.060609189,0.153739569,10.06666667,0.115470054,0.2
"NWT","Saddle","sn_16",2017,2017-07-25,"12:39:00",40.05179303,-105.5915631,4,2017-07-24,FALSE,18.1,0.123140864,0.004552427,0.009434517,9.2,0.2,0.4
"NWT","Saddle","J2",2017,2017-07-25,"12:47:00",40.05149357,-105.592041,4,2017-07-24,FALSE,19.6,0.142583442,0.014725311,0.034345042,13.4,0,0
"NWT","Saddle","J1",2017,2017-07-25,"12:52:00",40.05149143,-105.5927411,4,2017-07-24,FALSE,23.5,0.100056895,0.021296963,0.056887092,13.86666667,0.404145188,0.8
"NWT","Saddle","I1",2017,2017-07-25,"13:00:00",40.05204881,-105.5927558,4,2017-07-24,FALSE,24.4,0.106004088,0.028376644,0.062862995,13.33333333,0.152752523,0.3
"NWT","Saddle","H1",2017,2017-07-25,"13:07:00",40.05257942,-105.592765,4,2017-07-24,FALSE,21.9,0.07470264,0.009262657,0.020331006,14.6,0.3,0.6
"NWT","Saddle","sn_11",2017,2017-07-25,"13:12:00",40.05259659,-105.5922562,4,2017-07-24,FALSE,16.5,0.080580676,0.029959978,0.075412671,13.13333333,0.351188458,0.7
"NWT","Saddle","sn_15",2017,2017-07-25,"13:19:00",40.05195455,-105.5922685,4,2017-07-24,FALSE,17,0.149850812,0.024436506,0.057474381,10.76666667,0.351188458,0.7
"NWT","Saddle","I3",2017,2017-07-25,"13:24:00",40.0520303,-105.5913181,4,2017-07-24,FALSE,11,0.983009887,0.091909784,0.238687082,3.833333333,0.057735027,0.1
"NWT","Saddle","H3",2017,2017-07-25,"13:31:00",40.05257822,-105.5913486,4,2017-07-24,FALSE,17.9,0.617852897,0.056943711,0.129786532,7.2,0.4,0.8
"NWT","Saddle","I5",2017,2017-07-25,"13:56:00",40.05205963,-105.5899545,4,2017-07-24,FALSE,21.3,0.8934193,0.035108024,0.096119482,10.1,0.1,0.2
"NWT","Saddle","I4",2017,2017-07-25,"14:00:00",40.05205341,-105.5906408,4,2017-07-24,FALSE,17.5,0.553759487,0.053691429,0.13640413,10.13333333,0.152752523,0.3
"NWT","Saddle","I6",2017,2017-07-25,"14:13:00",40.05205678,-105.58926,4,2017-07-24,FALSE,37.9,0.127746754,0.036414269,0.091437809,11.2,1.053565375,2.1
"NWT","Saddle","F6",2017,2017-08-01,"8:41:00",40.05368707,-105.5892693,5,2017-08-01,FALSE,13.8,0.503622671,0.061698161,0.156585131,8.9,0.3,0.6
"NWT","Saddle","F5",2017,2017-08-01,"8:46:00",40.0536651,-105.5899364,5,2017-08-01,FALSE,15.6,0.328397148,0.021879251,0.053477618,9.166666667,0.611010093,1.2
"NWT","Saddle","F4",2017,2017-08-01,"8:56:00",40.05368056,-105.5906731,5,2017-08-01,FALSE,14.6,0.98128269,0.060224693,0.147652362,8.8,1.153256259,2.3
"NWT","Saddle","F3",2017,2017-08-01,"9:03:00",40.05365406,-105.5913823,5,2017-08-01,FALSE,13,0.365686865,0.060361093,0.131812281,8.633333333,0.057735027,0.1
"NWT","Saddle","F2",2017,2017-08-01,"9:07:00",40.05365185,-105.5921137,5,2017-08-01,FALSE,15.7,0.224413493,0.029270204,0.069954123,8.5,0.173205081,0.3
"NWT","Saddle","F1",2017,2017-08-01,"9:13:00",40.05363289,-105.5927747,5,2017-08-01,FALSE,23.2,0.14315726,0.019628714,0.051928863,9.266666667,0.115470054,0.2
"NWT","Saddle","G1",2017,2017-08-01,"9:20:00",40.05312671,-105.5927724,5,2017-08-01,FALSE,19.2,0.206717736,0.014070475,0.030927908,9.8,0.173205081,0.3
"NWT","Saddle","G2",2017,2017-08-01,"9:26:00",40.05312688,-105.5920359,5,2017-08-01,FALSE,14,0.202648721,0.016772893,0.046160755,10.16666667,0.321455025,0.6
"NWT","Saddle","G3",2017,2017-08-01,"9:31:00",40.05312199,-105.5913906,5,2017-08-01,FALSE,14.9,0.179875041,0.016840508,0.044701022,7.733333333,0.513160144,1
"NWT","Saddle","G4",2017,2017-08-01,"9:39:00",40.05315125,-105.5906595,5,2017-08-01,FALSE,15.7,0.137854826,0.020527206,0.045565092,7.7,0.435889894,0.8
"NWT","Saddle","sn_14",2017,2017-08-01,"9:48:00",40.05304214,-105.5901738,5,2017-08-01,FALSE,20.3,0.21689148,0.048168144,0.118015244,10,0.1,0.2
"NWT","Saddle","G5",2017,2017-08-01,"9:53:00",40.05316285,-105.5899398,5,2017-08-01,FALSE,22.3,0.193503927,0.029765383,0.07238131,9.333333333,0.230940108,0.4
"NWT","Saddle","G6",2017,2017-08-01,"9:57:00",40.05313622,-105.5892476,5,2017-08-01,FALSE,20.6,0.178842965,0.055898994,0.144197031,9.6,0.1,0.2
"NWT","Saddle","H6",2017,2017-08-01,"10:02:00",40.0526006,-105.5892416,5,2017-08-01,FALSE,25.3,0.218676692,0.028395169,0.072660644,9.3,0.1,0.2
"NWT","Saddle","H5",2017,2017-08-01,"12:21:00",40.05260643,-105.5899521,5,2017-08-01,FALSE,19.7,0.20156224,0.013430268,0.031238494,11.8,0.781024968,1.4
"NWT","Saddle","sn_13",2017,2017-08-01,"12:26:00",40.05267855,-105.5904478,5,2017-08-01,FALSE,15.6,0.513461698,0.05381486,0.139982445,8.6,0.1,0.2
"NWT","Saddle","sn_12",2017,2017-08-01,"12:35:00",40.05257674,-105.5910776,5,2017-08-01,FALSE,22.8,0.368164799,0.057159046,0.122121029,10.5,0.1,0.2
"NWT","Saddle","H3",2017,2017-08-01,"12:47:00",40.05257822,-105.5913486,5,2017-08-01,FALSE,37.9,0.39406843,0.031596494,0.079156354,10.73333333,0.550757055,1
"NWT","Saddle","sn_11",2017,2017-08-01,"12:53:00",40.05259659,-105.5922562,5,2017-08-01,FALSE,16.8,0.128710191,0.012297999,0.031402592,13.36666667,0.152752523,0.3
"NWT","Saddle","H1",2017,2017-08-01,"12:58:00",40.05257942,-105.592765,5,2017-08-01,FALSE,19.1,0.1200697,0.022755339,0.057833123,14.4,0.360555128,0.7
"NWT","Saddle","I1",2017,2017-08-01,"13:02:00",40.05204881,-105.5927558,5,2017-08-01,FALSE,23,0.199360507,0.016285708,0.041559032,13.46666667,0.808290377,1.4
"NWT","Saddle","sn_15",2017,2017-08-01,"13:10:00",40.05195455,-105.5922685,5,2017-08-01,FALSE,9.3,0.222006334,0.032411673,0.089179995,10.63333333,0.404145188,0.7
"NWT","Saddle","sn_16",2017,2017-08-01,"13:15:00",40.05179303,-105.5915631,5,2017-08-01,FALSE,15,0.174776247,0.019049773,0.04477896,11.1,0.529150262,1
"NWT","Saddle","I3",2017,2017-08-01,"13:25:00",40.0520303,-105.5913181,5,2017-08-01,FALSE,9.8,1.003146046,0.165357171,0.437155192,5.366666667,0.152752523,0.3
"NWT","Saddle","sn_17",2017,2017-08-01,"13:30:00",40.0516789,-105.5908743,5,2017-08-01,FALSE,12.9,0.540061419,0.106127608,0.230685561,9.366666667,0.2081666,0.4
"NWT","Saddle","I4",2017,2017-08-01,"13:36:00",40.05205341,-105.5906408,5,2017-08-01,FALSE,12.9,0.512506148,0.073969283,0.177944646,10.1,0.264575131,0.5
"NWT","Saddle","I5",2017,2017-08-01,"13:41:00",40.05205963,-105.5899545,5,2017-08-01,FALSE,13,0.858186289,0.051967507,0.122785211,10.5,0.173205081,0.3
"NWT","Saddle","I6",2017,2017-08-01,"13:48:00",40.05205678,-105.58926,5,2017-08-01,FALSE,9,0.181926392,0.045902856,0.09959037,11.66666667,1.594783162,2.9
"NWT","Saddle","sn_21",2017,2017-08-01,"13:57:00",40.05155239,-105.5892905,5,2017-08-01,FALSE,11.6,0.34098295,0.0995643,0.264596109,12.2,0.781024968,1.4
"NWT","Saddle","J5",2017,2017-08-01,"14:02:00",40.05151382,-105.5899544,5,2017-08-01,FALSE,13.9,0.185896323,0.014856039,0.04048891,15.26666667,0.152752523,0.3
"NWT","Saddle","J4",2017,2017-08-01,"14:08:00",40.05154527,-105.5906619,5,2017-08-01,FALSE,15.6,1.004624447,0.084784073,0.198811986,9.866666667,0.152752523,0.3
"NWT","Saddle","J3",2017,2017-08-01,"14:13:00",40.05154016,-105.5913011,5,2017-08-01,FALSE,17.8,0.704771138,0.071382877,0.159181554,10.8,0.346410162,0.6
"NWT","Saddle","J2",2017,2017-08-01,"14:21:00",40.05149357,-105.592041,5,2017-08-01,FALSE,20.6,0.275272412,0.013428989,0.032338703,14.73333333,0.2081666,0.4
"NWT","Saddle","J1",2017,2017-08-01,"14:27:00",40.05149143,-105.5927411,5,2017-08-01,FALSE,26,0.209932985,0.010543295,0.026240716,14.96666667,0.665832812,1.3
"NWT","Saddle","sn_18",2017,2017-08-01,"14:34:00",40.0509869,-105.5924085,5,2017-08-01,FALSE,27.6,0.256179452,0.01657228,0.041435539,14.1,1.153256259,2.3
"NWT","Saddle","K2",2017,2017-08-01,"14:39:00",40.05098658,-105.5920743,5,2017-08-01,FALSE,15.7,0.152822953,0.044444908,0.117388713,10,0.1,0.2
"NWT","Saddle","K3",2017,2017-08-01,"14:44:00",40.05097514,-105.5913555,5,2017-08-01,FALSE,19.6,0.390556663,0.053170236,0.142062784,10.63333333,0.321455025,0.6
"NWT","Saddle","K4",2017,2017-08-01,"14:47:00",40.05097914,-105.5906758,5,2017-08-01,FALSE,18.4,0.177080171,0.02306013,0.047750458,11.46666667,0.152752523,0.3
"NWT","Saddle","K5",2017,2017-08-01,"14:51:00",40.05095954,-105.5899998,5,2017-08-01,FALSE,18.4,0.121182043,0.013492665,0.035896346,16,0.519615242,0.9
"NWT","Saddle","B6",2017,2017-08-02,"10:05:00",40.05580624,-105.5913764,5,2017-08-01,FALSE,14.2,0.201557746,0.023455005,0.054604377,10,0.173205081,0.3
"NWT","Saddle","B5",2017,2017-08-02,"10:18:00",40.0558249,-105.5920713,5,2017-08-01,FALSE,20.5,0.25554319,0.028597334,0.066660297,9.3,0.435889894,0.8
"NWT","Saddle","B4",2017,2017-08-02,"10:55:00",40.05582609,-105.592797,5,2017-08-01,FALSE,21.3,0.227443174,0.009198452,0.024621882,12.16666667,0.503322296,1
"NWT","Saddle","B3",2017,2017-08-02,"11:14:00",40.0557891,-105.5934707,5,2017-08-01,FALSE,25.2,0.257658531,0.020922806,0.058971091,8.133333333,0.611010093,1.2
"NWT","Saddle","B1",2017,2017-08-02,"11:32:00",40.05580131,-105.5949304,5,2017-08-01,FALSE,26.9,0.164576805,0.022512968,0.054612183,11.16666667,1.588500341,2.8
"NWT","Saddle","B6",2017,2017-08-07,"8:59:00",40.05580624,-105.5913764,6,2017-08-07,FALSE,11.4,0.217153012,0.017893966,0.042621263,10.4,0.1,0.2
"NWT","Saddle","B5",2017,2017-08-07,"9:07:00",40.0558249,-105.5920713,6,2017-08-07,FALSE,11.3,0.234338964,0.020932381,0.051097006,9.533333333,0.115470054,0.2
"NWT","Saddle","B4",2017,2017-08-07,"9:13:00",40.05582609,-105.592797,6,2017-08-07,FALSE,10.6,0.24795083,0.026803523,0.075038878,10.76666667,0.2081666,0.4
"NWT","Saddle","B3",2017,2017-08-07,"9:20:00",40.0557891,-105.5934707,6,2017-08-07,FALSE,9.5,0.271567448,0.018232555,0.048063985,8.133333333,0.057735027,0.1
"NWT","Saddle","A3",2017,2017-08-07,"9:26:00",40.0563715,-105.5935083,6,2017-08-07,FALSE,7.6,0.257767378,0.049963607,0.12979533,8.233333333,0.115470054,0.2
"NWT","Saddle","A2",2017,2017-08-07,"9:43:00",40.05635168,-105.5942169,6,2017-08-07,FALSE,9.4,0.271066869,0.04722122,0.107808968,9.6,0.1,0.2
"NWT","Saddle","B1",2017,2017-08-07,"10:00:00",40.05580131,-105.5949304,6,2017-08-07,FALSE,11.3,0.231127726,0.05113588,0.118100181,9.733333333,0.115470054,0.2
"NWT","Saddle","C1",2017,2017-08-07,"10:18:00",40.05527279,-105.5941995,6,2017-08-07,FALSE,14.2,0.179910589,0.028822687,0.068808307,9.366666667,0.057735027,0.1
"NWT","Saddle","C2",2017,2017-08-07,"10:31:00",40.0552713,-105.5934853,6,2017-08-07,FALSE,10.6,0.235205922,0.032368542,0.075617013,8.633333333,0.057735027,0.1
"NWT","Saddle","C3",2017,2017-08-07,"10:40:00",40.05525654,-105.5928226,6,2017-08-07,FALSE,9,0.279015272,0.021324954,0.044492362,10.06666667,0.057735027,0.1
"NWT","Saddle","C4",2017,2017-08-08,"9:12:00",40.05528028,-105.5921034,6,2017-08-07,FALSE,8.7,0.311094729,0.01519131,0.031894619,6.8,0.2,0.4
"NWT","Saddle","C5",2017,2017-08-08,"9:19:00",40.05528265,-105.5913845,6,2017-08-07,FALSE,9.9,0.369174748,0.050004309,0.110809343,6.5,0.1,0.2
"NWT","Saddle","C6",2017,2017-08-08,"9:24:00",40.05530278,-105.5906892,6,2017-08-07,FALSE,14,0.314507259,0.050037624,0.116830294,6.5,0.173205081,0.3
"NWT","Saddle","C7",2017,2017-08-08,"9:31:00",40.05529184,-105.589958,6,2017-08-07,FALSE,13.6,0.395534671,0.090043166,0.228137593,7.4,0.173205081,0.3
"NWT","Saddle","C8",2017,2017-08-08,"9:38:00",40.05531092,-105.5892701,6,2017-08-07,FALSE,21.4,0.342628284,0.057738258,0.147150555,6.433333333,0.2081666,0.4
"NWT","Saddle","D8",2017,2017-08-08,"9:45:00",40.05477337,-105.588547,6,2017-08-07,FALSE,14,0.35506275,0.072736134,0.175766238,7,0.435889894,0.8
"NWT","Saddle","sn_10",2017,2017-08-08,"9:55:00",40.05428005,-105.5881625,6,2017-08-07,FALSE,11.2,0.355458157,0.028559287,0.078540687,6.333333333,0.115470054,0.2
"NWT","Saddle","sn_09",2017,2017-08-08,"10:04:00",40.05451188,-105.5888025,6,2017-08-07,FALSE,14.7,0.349354924,0.038457898,0.097028775,6.5,0.1,0.2
"NWT","Saddle","D7",2017,2017-08-08,"10:12:00",40.05475633,-105.5892997,6,2017-08-07,FALSE,15.5,0.371771386,0.026566063,0.06044579,6.6,0.1,0.2
"NWT","Saddle","sn_08",2017,2017-08-08,"10:20:00",40.05484677,-105.5896659,6,2017-08-07,FALSE,17.8,0.321722902,0.068797293,0.186494022,6.966666667,0.115470054,0.2
"NWT","Saddle","sn_07",2017,2017-08-08,"10:31:00",40.05488301,-105.5900327,6,2017-08-07,FALSE,18.8,0.330937609,0.057767995,0.149949904,7.9,0.264575131,0.5
"NWT","Saddle","sn_06",2017,2017-08-08,"10:44:00",40.0550092,-105.5906277,6,2017-08-07,FALSE,21,0.349975838,0.041021917,0.111264793,6.733333333,0.057735027,0.1
"NWT","Saddle","D5",2017,2017-08-08,"11:06:00",40.05474871,-105.5906769,6,2017-08-07,FALSE,18.4,0.669444459,0.063006822,0.168290109,7.4,0.173205081,0.3
"NWT","Saddle","D4",2017,2017-08-08,"11:18:00",40.05474881,-105.5913547,6,2017-08-07,FALSE,15.5,0.354210357,0.0705434,0.17541,7.833333333,0.230940108,0.4
"NWT","Saddle","D3",2017,2017-08-08,"11:31:00",40.05475557,-105.5920666,6,2017-08-07,FALSE,18.8,0.26592424,0.012858187,0.032842113,8.633333333,0.321455025,0.6
"NWT","Saddle","D2",2017,2017-08-08,"11:39:00",40.05473855,-105.5927751,6,2017-08-07,FALSE,23,0.261401712,0.039189895,0.097124922,8.466666667,0.152752523,0.3
"NWT","Saddle","D1",2017,2017-08-08,"11:46:00",40.05474931,-105.5934924,6,2017-08-07,FALSE,20,0.299285093,0.039899696,0.099232404,8.633333333,0.2081666,0.4
"NWT","Saddle","E1",2017,2017-08-08,"11:56:00",40.05419345,-105.5934868,6,2017-08-07,FALSE,16.2,0.24113187,0.035579931,0.079699387,9.433333333,0.37859389,0.7
"NWT","Saddle","E2",2017,2017-08-08,"12:21:00",40.0542132,-105.5927618,6,2017-08-07,FALSE,14.6,0.323175668,0.030419134,0.074721686,9.666666667,0.503322296,1
"NWT","Saddle","E3",2017,2017-08-08,"12:27:00",40.05419677,-105.5920523,6,2017-08-07,FALSE,15.9,0.232554844,0.00927801,0.02390846,10.16666667,0.351188458,0.7
"NWT","Saddle","E4",2017,2017-08-08,"12:36:00",40.05420748,-105.5913913,6,2017-08-07,FALSE,17.1,0.24749333,0.032815991,0.074321387,10.23333333,0.404145188,0.7
"NWT","Saddle","E5",2017,2017-08-08,"12:47:00",40.0542051,-105.5906687,6,2017-08-07,FALSE,15.9,0.248434091,0.051116096,0.108882976,9.133333333,0.152752523,0.3
"NWT","Saddle","E6",2017,2017-08-08,"12:54:00",40.05421679,-105.5899755,6,2017-08-07,FALSE,16.6,0.351536793,0.050914903,0.119052702,9.266666667,0.152752523,0.3
"NWT","Saddle","E7",2017,2017-08-08,"13:41:00",40.05424577,-105.5892853,6,2017-08-07,FALSE,11.7,0.303015021,0.059638988,0.147755916,9.9,0.264575131,0.5
"NWT","Saddle","F6",2017,2017-08-08,"13:47:00",40.05368707,-105.5892693,6,2017-08-07,FALSE,9.6,0.518926836,0.065481836,0.161356572,8.3,0.173205081,0.3
"NWT","Saddle","F5",2017,2017-08-08,"13:55:00",40.0536651,-105.5899364,6,2017-08-07,FALSE,10.7,0.454786029,0.043700505,0.112660984,9.366666667,0.115470054,0.2
"NWT","Saddle","F4",2017,2017-08-08,"14:02:00",40.05368056,-105.5906731,6,2017-08-07,FALSE,11.6,0.933152486,0.056768896,0.136150896,8.266666667,0.757187779,1.4
"NWT","Saddle","F3",2017,2017-08-08,"14:09:00",40.05365406,-105.5913823,6,2017-08-07,FALSE,11.1,0.399893137,0.058582883,0.149504914,8.866666667,0.152752523,0.3
"NWT","Saddle","F2",2017,2017-08-08,"14:16:00",40.05365185,-105.5921137,6,2017-08-07,FALSE,13.1,0.305048593,0.024637841,0.054938691,10.03333333,0.251661148,0.5
"NWT","Saddle","G6",2017,2017-08-09,"8:56:00",40.05313622,-105.5892476,6,2017-08-07,FALSE,9.2,0.273087047,0.052685033,0.126264061,7.6,0.1,0.2
"NWT","Saddle","G5",2017,2017-08-09,"9:09:00",40.05316285,-105.5899398,6,2017-08-07,FALSE,14.2,0.309970985,0.06374387,0.160850268,7.3,0.1,0.2
"NWT","Saddle","sn_14",2017,2017-08-09,"9:19:00",40.05304214,-105.5901738,6,2017-08-07,FALSE,11,0.310817094,0.043708084,0.102230837,8.133333333,0.305505046,0.6
"NWT","Saddle","G4",2017,2017-08-09,"9:36:00",40.05315125,-105.5906595,6,2017-08-07,FALSE,10.5,0.180560997,0.042667595,0.104587725,6.466666667,0.230940108,0.4
"NWT","Saddle","G3",2017,2017-08-09,"9:56:00",40.05312199,-105.5913906,6,2017-08-07,FALSE,10.9,0.197272756,0.030112609,0.06082432,7.433333333,0.057735027,0.1
"NWT","Saddle","G2",2017,2017-08-09,"10:05:00",40.05312688,-105.5920359,6,2017-08-07,FALSE,12.3,0.263268102,0.03187904,0.079817699,8.6,0.264575131,0.5
"NWT","Saddle","G1",2017,2017-08-09,"10:17:00",40.05312671,-105.5927724,6,2017-08-07,FALSE,12.1,0.325793571,0.013356158,0.031818987,8.433333333,0.057735027,0.1
"NWT","Saddle","F1",2017,2017-08-09,"10:26:00",40.05363289,-105.5927747,6,2017-08-07,FALSE,15.8,0.258966304,0.020107564,0.05102568,8.333333333,0.057735027,0.1
"NWT","Saddle","H1",2017,2017-08-09,"10:45:00",40.05257942,-105.592765,6,2017-08-07,FALSE,12.7,0.23135314,0.03863285,0.098283114,8.733333333,0.230940108,0.4
"NWT","Saddle","sn_11",2017,2017-08-09,"10:53:00",40.05259659,-105.5922562,6,2017-08-07,FALSE,11.7,0.180628796,0.04724042,0.125440912,8.966666667,0.2081666,0.4
"NWT","Saddle","H3",2017,2017-08-09,"11:10:00",40.05257822,-105.5913486,6,2017-08-07,FALSE,16.7,0.360337778,0.013034725,0.032674515,8.266666667,0.057735027,0.1
"NWT","Saddle","sn_12",2017,2017-08-09,"11:22:00",40.05257674,-105.5910776,6,2017-08-07,FALSE,13,0.392386935,0.045546216,0.111047011,8.833333333,0.115470054,0.2
"NWT","Saddle","sn_13",2017,2017-08-09,"11:42:00",40.05267855,-105.5904478,6,2017-08-07,FALSE,9.3,0.433007135,0.085530962,0.222964362,7.733333333,0.115470054,0.2
"NWT","Saddle","H5",2017,2017-08-09,"12:01:00",40.05260643,-105.5899521,6,2017-08-07,FALSE,28.2,0.275247581,0.023897822,0.05758346,9.7,0.1,0.2
"NWT","Saddle","H6",2017,2017-08-09,"12:14:00",40.0526006,-105.5892416,6,2017-08-07,FALSE,33.9,0.308322392,0.036165835,0.091582597,9.666666667,0.37859389,0.7
"NWT","Saddle","I6",2017,2017-08-09,"12:29:00",40.05205678,-105.58926,6,2017-08-07,FALSE,14.7,0.295811224,0.034199035,0.07541457,8.833333333,0.057735027,0.1
"NWT","Saddle","I5",2017,2017-08-09,"12:39:00",40.05205963,-105.5899545,6,2017-08-07,FALSE,21.3,0.87978825,0.046171232,0.102865466,8.466666667,0.2081666,0.4
"NWT","Saddle","I4",2017,2017-08-09,"12:50:00",40.05205341,-105.5906408,6,2017-08-07,FALSE,15.9,0.498865986,0.055258098,0.123747624,8.933333333,0.115470054,0.2
"NWT","Saddle","sn_17",2017,2017-08-09,"13:00:00",40.0516789,-105.5908743,6,2017-08-07,FALSE,14.3,0.584287519,0.129349968,0.355112283,7.833333333,0.152752523,0.3
"NWT","Saddle","I3",2017,2017-08-09,"13:21:00",40.0520303,-105.5913181,6,2017-08-07,FALSE,9.6,0.963716182,0.129828687,0.296164082,5.133333333,0.305505046,0.6
"NWT","Saddle","sn_16",2017,2017-08-09,"13:32:00",40.05179303,-105.5915631,6,2017-08-07,FALSE,14.4,0.238823244,0.008217562,0.019381607,8.433333333,0.351188458,0.7
"NWT","Saddle","sn_15",2017,2017-08-09,"13:50:00",40.05195455,-105.5922685,6,2017-08-07,FALSE,16.4,0.348433146,0.026626414,0.070454039,9.5,0.3,0.6
"NWT","Saddle","I1",2017,2017-08-09,"14:09:00",40.05204881,-105.5927558,6,2017-08-07,FALSE,22,0.336246554,0.034335609,0.069315697,11.4,0.346410162,0.6
"NWT","Saddle","sn_21",2017,2017-08-10,"9:01:00",40.05155239,-105.5892905,6,2017-08-07,FALSE,8.7,0.401564144,0.093185753,0.254035253,7.233333333,0.288675135,0.5
"NWT","Saddle","J5",2017,2017-08-10,"9:13:00",40.05151382,-105.5899544,6,2017-08-07,FALSE,11.8,0.308642145,0.054455321,0.117182998,7.466666667,0.057735027,0.1
"NWT","Saddle","J4",2017,2017-08-10,"9:20:00",40.05154527,-105.5906619,6,2017-08-07,FALSE,11.6,1.136141342,0.032599643,0.082755127,8.233333333,0.152752523,0.3
"NWT","Saddle","J3",2017,2017-08-10,"9:25:00",40.05154016,-105.5913011,6,2017-08-07,FALSE,13.4,0.803725963,0.136040378,0.337817707,7.733333333,0.152752523,0.3
"NWT","Saddle","J2",2017,2017-08-10,"9:30:00",40.05149357,-105.592041,6,2017-08-07,FALSE,13.6,0.400002699,0.031186579,0.080568567,8.966666667,0.152752523,0.3
"NWT","Saddle","J1",2017,2017-08-10,"9:37:00",40.05149143,-105.5927411,6,2017-08-07,FALSE,14.9,0.320287548,0.044729027,0.121885218,8.6,0,0
"NWT","Saddle","sn_18",2017,2017-08-10,"9:44:00",40.0509869,-105.5924085,6,2017-08-07,FALSE,7.5,0.360347464,0.032644011,0.076244612,7.166666667,0.4163332,0.8
"NWT","Saddle","K2",2017,2017-08-10,"9:59:00",40.05098658,-105.5920743,6,2017-08-07,FALSE,8.4,0.263679698,0.045667515,0.117380233,6.866666667,0.230940108,0.4
"NWT","Saddle","K3",2017,2017-08-10,"10:06:00",40.05097514,-105.5913555,6,2017-08-07,FALSE,11.7,0.483543827,0.083561796,0.219507995,7.166666667,0.2081666,0.4
"NWT","Saddle","sn_19",2017,2017-08-10,"10:11:00",40.05066166,-105.5915001,6,2017-08-07,FALSE,10.9,0.380393637,0.03242822,0.084981424,8.033333333,0.057735027,0.1
"NWT","Saddle","sn_20",2017,2017-08-10,"10:18:00",40.05072003,-105.5907592,6,2017-08-07,FALSE,13.2,0.330528491,0.011212691,0.02964539,8.266666667,0.115470054,0.2
"NWT","Saddle","K4",2017,2017-08-10,"10:26:00",40.05097914,-105.5906758,6,2017-08-07,FALSE,17.5,0.250313451,0.038943209,0.108520441,8.633333333,0.057735027,0.1
"NWT","Saddle","K5",2017,2017-08-10,"10:36:00",40.05095954,-105.5899998,6,2017-08-07,FALSE,24.1,0.201927351,0.027917143,0.06855683,9.166666667,0.251661148,0.5
"NWT","Saddle","L4",2017,2017-08-10,"10:42:00",40.0504456,-105.5906115,6,2017-08-07,FALSE,22.3,0.391620435,0.076509832,0.206213168,8.9,0.2,0.4
"NWT","Saddle","L2",2017,2017-08-10,"10:50:00",40.05043813,-105.5920719,6,2017-08-07,FALSE,20.6,0.23710309,0.046788203,0.110060324,7.233333333,0.057735027,0.1
"NWT","Saddle","L1",2017,2017-08-10,"10:56:00",40.05044651,-105.5927057,6,2017-08-07,FALSE,8,0.292508949,0.039363825,0.092498602,6.266666667,0.115470054,0.2
"NWT","Saddle","M1",2017,2017-08-10,"11:07:00",40.04987188,-105.5928369,6,2017-08-07,FALSE,33.4,0.240698937,0.05698094,0.138447039,8,0.2,0.4
"NWT","Saddle","M2",2017,2017-08-10,"11:16:00",40.04989401,-105.5920233,6,2017-08-07,FALSE,14.1,0.313504293,0.025092071,0.067883222,6.166666667,0.057735027,0.1
"NWT","Saddle","M3",2017,2017-08-10,"11:25:00",40.04988164,-105.5913191,6,2017-08-07,FALSE,23.9,0.126605186,0.013918685,0.033132101,8.233333333,0.56862407,1.1
"NWT","Saddle","N1",2017,2017-08-10,"11:38:00",40.04935252,-105.5926689,6,2017-08-07,FALSE,10.8,0.297204407,0.062871689,0.146709588,7.6,0.360555128,0.7
"NWT","Saddle","O1",2017,2017-08-10,"11:44:00",40.04902315,-105.5923132,6,2017-08-07,FALSE,21,0.399054045,0.092451552,0.257202846,8.233333333,0.115470054,0.2
"NWT","Saddle","N2",2017,2017-08-10,"11:49:00",40.04933415,-105.5920584,6,2017-08-07,FALSE,21.5,0.577214157,0.050993634,0.127262435,7.5,0,0
"NWT","Saddle","M1",2017,2017-08-24,"9:05:00",40.04987188,-105.5928369,7,2017-08-24,FALSE,9.3,0.117147324,0.042217559,0.103746557,8.4,0.173205081,0.3
"NWT","Saddle","N1",2017,2017-08-24,"9:12:00",40.04935252,-105.5926689,7,2017-08-24,FALSE,12.1,0.342757931,0.064784963,0.172715267,6.5,0.1,0.2
"NWT","Saddle","O1",2017,2017-08-24,"9:17:00",40.04902315,-105.5923132,7,2017-08-24,FALSE,15.1,0.374565057,0.088585674,0.21643756,8.7,0,0
"NWT","Saddle","N2",2017,2017-08-24,"9:21:00",40.04933415,-105.5920584,7,2017-08-24,FALSE,7.9,0.501312315,0.061421859,0.145398743,7.466666667,0.057735027,0.1
"NWT","Saddle","M2",2017,2017-08-24,"9:26:00",40.04989401,-105.5920233,7,2017-08-24,FALSE,7,0.216095665,0.028342659,0.066792021,6.066666667,0.057735027,0.1
"NWT","Saddle","M3",2017,2017-08-24,"9:32:00",40.04988164,-105.5913191,7,2017-08-24,FALSE,15,0.108023041,0.046996796,0.121098802,7.066666667,0.057735027,0.1
"NWT","Saddle","L4",2017,2017-08-24,"9:41:00",40.0504456,-105.5906115,7,2017-08-24,FALSE,15.9,0.334525939,0.045161943,0.094688702,8.633333333,0.4163332,0.8
"NWT","Saddle","sn_20",2017,2017-08-24,"9:50:00",40.05072003,-105.5907592,7,2017-08-24,FALSE,11,0.299865079,0.033585556,0.074784529,8.733333333,0.230940108,0.4
"NWT","Saddle","sn_19",2017,2017-08-24,"9:56:00",40.05066166,-105.5915001,7,2017-08-24,FALSE,11.7,0.34353438,0.071709037,0.197225043,8.533333333,0.2081666,0.4
"NWT","Saddle","L2",2017,2017-08-24,"10:00:00",40.05043813,-105.5920719,7,2017-08-24,FALSE,9.8,0.133088636,0.038515305,0.094682537,8.133333333,0.057735027,0.1
"NWT","Saddle","L1",2017,2017-08-24,"10:06:00",40.05044651,-105.5927057,7,2017-08-24,FALSE,6.9,0.226340449,0.037725268,0.100135097,6.566666667,0.115470054,0.2
"NWT","Saddle","sn_18",2017,2017-08-24,"10:14:00",40.0509869,-105.5924085,7,2017-08-24,FALSE,16.1,0.298885118,0.037409456,0.09753404,8.333333333,0.115470054,0.2
"NWT","Saddle","K2",2017,2017-08-24,"10:20:00",40.05098658,-105.5920743,7,2017-08-24,FALSE,8.7,0.211475792,0.059164306,0.152948368,7.033333333,0.115470054,0.2
"NWT","Saddle","K3",2017,2017-08-24,"10:25:00",40.05097514,-105.5913555,7,2017-08-24,FALSE,12.9,0.459783538,0.105023078,0.282143855,7.966666667,0.152752523,0.3
"NWT","Saddle","K4",2017,2017-08-24,"10:30:00",40.05097914,-105.5906758,7,2017-08-24,FALSE,19.9,0.235280814,0.02885129,0.073500646,8.7,0.1,0.2
"NWT","Saddle","K5",2017,2017-08-24,"10:34:00",40.05095954,-105.5899998,7,2017-08-24,FALSE,24.5,0.199551768,0.020335933,0.047623804,9.566666667,0.115470054,0.2
"NWT","Saddle","sn_21",2017,2017-08-24,"10:39:00",40.05155239,-105.5892905,7,2017-08-24,FALSE,24.4,0.369958197,0.058117232,0.150583902,8.566666667,0.351188458,0.7
"NWT","Saddle","J5",2017,2017-08-24,"10:43:00",40.05151382,-105.5899544,7,2017-08-24,FALSE,22.5,0.276883029,0.032277995,0.077745256,9.366666667,0.152752523,0.3
"NWT","Saddle","J4",2017,2017-08-24,"10:48:00",40.05154527,-105.5906619,7,2017-08-24,FALSE,18.7,0.82664803,0.112386179,0.262699351,8.333333333,0.152752523,0.3
"NWT","Saddle","sn_17",2017,2017-08-24,"10:51:00",40.0516789,-105.5908743,7,2017-08-24,FALSE,10.9,0.660745567,0.052435843,0.128513829,7.566666667,0.115470054,0.2
"NWT","Saddle","J3",2017,2017-08-24,"10:56:00",40.05154016,-105.5913011,7,2017-08-24,FALSE,27.4,0.760752669,0.056497598,0.145491636,8.333333333,0.152752523,0.3
"NWT","Saddle","sn_16",2017,2017-08-24,"11:00:00",40.05179303,-105.5915631,7,2017-08-24,FALSE,30.6,0.228686951,0.033858306,0.08768517,8.633333333,0.404145188,0.8
"NWT","Saddle","J2",2017,2017-08-24,"11:04:00",40.05149357,-105.592041,7,2017-08-24,FALSE,13.7,0.322006643,0.015188623,0.031800341,10.4,0.264575131,0.5
"NWT","Saddle","J1",2017,2017-08-24,"11:09:00",40.05149143,-105.5927411,7,2017-08-24,FALSE,18,0.231895009,0.044190638,0.11412945,10.7,0.264575131,0.5
"NWT","Saddle","I1",2017,2017-08-24,"11:14:00",40.05204881,-105.5927558,7,2017-08-24,FALSE,26.1,0.259480639,0.022340619,0.058805973,9.766666667,0.642910051,1.2
"NWT","Saddle","sn_15",2017,2017-08-24,"11:18:00",40.05195455,-105.5922685,7,2017-08-24,FALSE,21.7,0.257790171,0.051432099,0.13519869,8.9,0.6,1.2
"NWT","Saddle","I3",2017,2017-08-24,"11:39:00",40.0520303,-105.5913181,7,2017-08-24,FALSE,11.3,1.060101616,0.139894014,0.38094722,6.1,0.346410162,0.6
"NWT","Saddle","I4",2017,2017-08-24,"11:43:00",40.05205341,-105.5906408,7,2017-08-24,FALSE,14.7,0.444275755,0.052650007,0.136178254,8.866666667,0.057735027,0.1
"NWT","Saddle","I5",2017,2017-08-24,"11:47:00",40.05205963,-105.5899545,7,2017-08-24,FALSE,26.4,0.782051907,0.085632749,0.19816099,8.866666667,0.152752523,0.3
"NWT","Saddle","I6",2017,2017-08-24,"11:51:00",40.05205678,-105.58926,7,2017-08-24,FALSE,24,0.294606879,0.057215611,0.151900052,8.933333333,0.115470054,0.2
"NWT","Saddle","H6",2017,2017-08-24,"11:55:00",40.0526006,-105.5892416,7,2017-08-24,FALSE,25.5,0.320669787,0.025752578,0.057345129,9.933333333,0.251661148,0.5
"NWT","Saddle","H5",2017,2017-08-24,"11:59:00",40.05260643,-105.5899521,7,2017-08-24,FALSE,25.5,0.258509679,0.019635429,0.051956604,10.36666667,0.550757055,1
"NWT","Saddle","sn_13",2017,2017-08-24,"12:03:00",40.05267855,-105.5904478,7,2017-08-24,FALSE,22.7,0.347763748,0.038286127,0.106801227,8.133333333,0.2081666,0.4
"NWT","Saddle","sn_12",2017,2017-08-24,"12:08:00",40.05257674,-105.5910776,7,2017-08-24,FALSE,15.6,0.330009253,0.0660541,0.174005492,8.733333333,0.152752523,0.3
"NWT","Saddle","H3",2017,2017-08-24,"12:11:00",40.05257822,-105.5913486,7,2017-08-24,FALSE,23.9,0.264171822,0.019325367,0.051106897,10.4,0,0
"NWT","Saddle","sn_11",2017,2017-08-24,"12:15:00",40.05259659,-105.5922562,7,2017-08-24,FALSE,19,0.174926519,0.023731521,0.057869789,11.13333333,0.472581563,0.9
"NWT","Saddle","H1",2017,2017-08-24,"12:19:00",40.05257942,-105.592765,7,2017-08-24,FALSE,28.4,0.211776447,0.039630254,0.093153926,11.53333333,0.757187779,1.4
"NWT","Saddle","G1",2017,2017-08-24,"12:24:00",40.05312671,-105.5927724,7,2017-08-24,FALSE,22.4,0.288864508,0.01693669,0.037185721,11.03333333,0.665832812,1.2
"NWT","Saddle","G2",2017,2017-08-24,"12:28:00",40.05312688,-105.5920359,7,2017-08-24,FALSE,17.7,0.236044041,0.033090657,0.077292223,10.8,0.4,0.8
"NWT","Saddle","G3",2017,2017-08-24,"12:33:00",40.05312199,-105.5913906,7,2017-08-24,FALSE,26,0.161239304,0.01937493,0.0427541,13.2,0.529150262,1
"NWT","Saddle","G4",2017,2017-08-24,"12:41:00",40.05315125,-105.5906595,7,2017-08-24,FALSE,24.1,0.181420736,0.020987851,0.043309879,12.63333333,0.4163332,0.8
"NWT","Saddle","sn_14",2017,2017-08-24,"12:45:00",40.05304214,-105.5901738,7,2017-08-24,FALSE,31.3,0.31762038,0.034115686,0.091297107,11.2,0.608276253,1.1
"NWT","Saddle","G5",2017,2017-08-24,"12:49:00",40.05316285,-105.5899398,7,2017-08-24,FALSE,27.6,0.308322804,0.042113725,0.096708691,10.9,0.173205081,0.3
"NWT","Saddle","G6",2017,2017-08-24,"12:54:00",40.05313622,-105.5892476,7,2017-08-24,FALSE,16.7,0.255796785,0.043758893,0.101342352,11.26666667,0.850490055,1.6
"NWT","Saddle","F6",2017,2017-08-24,"13:00:00",40.05368707,-105.5892693,7,2017-08-24,FALSE,28.3,0.542260221,0.062746826,0.147995328,8.6,0.173205081,0.3
"NWT","Saddle","F5",2017,2017-08-24,"13:04:00",40.0536651,-105.5899364,7,2017-08-24,FALSE,20.4,0.477515069,0.066212455,0.139801464,9.433333333,0.152752523,0.3
"NWT","Saddle","F4",2017,2017-08-24,"13:08:00",40.05368056,-105.5906731,7,2017-08-24,FALSE,18.3,0.891856481,0.065288216,0.156463454,8.566666667,0.709459888,1.4
"NWT","Saddle","F3",2017,2017-08-24,"13:11:00",40.05365406,-105.5913823,7,2017-08-24,FALSE,16.8,0.29171259,0.049887267,0.110243629,9.266666667,0.115470054,0.2
"NWT","Saddle","F2",2017,2017-08-24,"13:16:00",40.05365185,-105.5921137,7,2017-08-24,FALSE,16.8,0.245977923,0.030746475,0.080394597,11.3,0.3,0.6
"NWT","Saddle","F1",2017,2017-08-24,"13:20:00",40.05363289,-105.5927747,7,2017-08-24,FALSE,18.9,0.194923075,0.055381532,0.143738862,13.66666667,0.65064071,1.3
"NWT","Saddle","B6",2017,2017-08-25,"8:46:00",40.05580624,-105.5913764,7,2017-08-24,FALSE,13.1,0.256712507,0.017256838,0.043598401,7.366666667,0.152752523,0.3
"NWT","Saddle","B5",2017,2017-08-25,"8:51:00",40.0558249,-105.5920713,7,2017-08-24,FALSE,11.9,0.263607181,0.027654846,0.065850362,7.3,0.264575131,0.5
"NWT","Saddle","B4",2017,2017-08-25,"8:56:00",40.05582609,-105.592797,7,2017-08-24,FALSE,12.4,0.312544323,0.037875196,0.08804917,7.666666667,0.2081666,0.4
"NWT","Saddle","B3",2017,2017-08-25,"9:01:00",40.0557891,-105.5934707,7,2017-08-24,FALSE,10.7,0.301682436,0.012957191,0.027654688,6.566666667,0.057735027,0.1
"NWT","Saddle","A3",2017,2017-08-25,"9:07:00",40.0563715,-105.5935083,7,2017-08-24,FALSE,15.2,0.341874726,0.034683973,0.096244995,6.433333333,0.057735027,0.1
"NWT","Saddle","A2",2017,2017-08-25,"9:13:00",40.05635168,-105.5942169,7,2017-08-24,FALSE,14.7,0.319190172,0.039040611,0.102236212,7.5,0.1,0.2
"NWT","Saddle","B1",2017,2017-08-25,"9:19:00",40.05580131,-105.5949304,7,2017-08-24,FALSE,15.1,0.32199004,0.021628609,0.044263564,7.5,0.264575131,0.5
"NWT","Saddle","C1",2017,2017-08-25,"9:25:00",40.05527279,-105.5941995,7,2017-08-24,FALSE,16.6,0.204134947,0.03371324,0.082876734,6.9,0.608276253,1.1
"NWT","Saddle","C2",2017,2017-08-25,"9:30:00",40.0552713,-105.5934853,7,2017-08-24,FALSE,18.2,0.275195036,0.027850009,0.070343485,6.866666667,0.251661148,0.5
"NWT","Saddle","C3",2017,2017-08-25,"9:36:00",40.05525654,-105.5928226,7,2017-08-24,FALSE,14.1,0.243986206,0.00897381,0.021808684,7.5,0,0
"NWT","Saddle","C4",2017,2017-08-25,"9:42:00",40.05528028,-105.5921034,7,2017-08-24,FALSE,17.2,0.298709671,0.018858486,0.046102795,7.433333333,0.288675135,0.5
"NWT","Saddle","C5",2017,2017-08-25,"9:46:00",40.05528265,-105.5913845,7,2017-08-24,FALSE,13.2,0.282348742,0.02957068,0.072414098,7.266666667,0.115470054,0.2
"NWT","Saddle","C6",2017,2017-08-25,"9:50:00",40.05530278,-105.5906892,7,2017-08-24,FALSE,13.1,0.273310385,0.025343275,0.061238186,7.166666667,0.152752523,0.3
"NWT","Saddle","C7",2017,2017-08-25,"9:55:00",40.05529184,-105.589958,7,2017-08-24,FALSE,12.9,0.44093974,0.018875119,0.044346325,7.6,0.3,0.6
"NWT","Saddle","C8",2017,2017-08-25,"10:00:00",40.05531092,-105.5892701,7,2017-08-24,FALSE,13.8,0.424097218,0.026722964,0.059092287,6.733333333,0.057735027,0.1
"NWT","Saddle","D8",2017,2017-08-25,"10:06:00",40.05477337,-105.588547,7,2017-08-24,FALSE,15.6,0.424064659,0.053192422,0.131645418,7.2,0.173205081,0.3
"NWT","Saddle","sn_10",2017,2017-08-25,"10:10:00",40.05428005,-105.5881625,7,2017-08-24,FALSE,12.1,0.361431143,0.033104911,0.083217688,6.833333333,0.057735027,0.1
"NWT","Saddle","sn_09",2017,2017-08-25,"10:16:00",40.05451188,-105.5888025,7,2017-08-24,FALSE,14.9,0.329003287,0.088181948,0.216728423,6.8,0,0
"NWT","Saddle","D7",2017,2017-08-25,"10:20:00",40.05475633,-105.5892997,7,2017-08-24,FALSE,13.7,0.35319487,0.029801395,0.074253448,7,0.173205081,0.3
"NWT","Saddle","sn_08",2017,2017-08-25,"10:23:00",40.05484677,-105.5896659,7,2017-08-24,FALSE,9.5,0.267120359,0.052153223,0.127149142,7.066666667,0.305505046,0.6
"NWT","Saddle","sn_07",2017,2017-08-25,"10:29:00",40.05488301,-105.5900327,7,2017-08-24,FALSE,20.5,0.333685649,0.07962256,0.194452736,8.233333333,0.152752523,0.3
"NWT","Saddle","sn_06",2017,2017-08-25,"10:36:00",40.0550092,-105.5906277,7,2017-08-24,FALSE,18.3,0.306098355,0.015725797,0.040241041,7.1,0.1,0.2
"NWT","Saddle","D5",2017,2017-08-25,"10:41:00",40.05474871,-105.5906769,7,2017-08-24,FALSE,16.6,0.57757129,0.115809137,0.288811289,7.966666667,0.057735027,0.1
"NWT","Saddle","D4",2017,2017-08-25,"10:45:00",40.05474881,-105.5913547,7,2017-08-24,FALSE,18.6,0.300861857,0.041426288,0.091123073,8.033333333,0.305505046,0.6
"NWT","Saddle","D3",2017,2017-08-25,"10:49:00",40.05475557,-105.5920666,7,2017-08-24,FALSE,23.6,0.230632624,0.024894703,0.053431229,8.3,0.360555128,0.7
"NWT","Saddle","D2",2017,2017-08-25,"10:54:00",40.05473855,-105.5927751,7,2017-08-24,FALSE,17.5,0.247029418,0.046310541,0.121989098,8.733333333,0.550757055,1.1
"NWT","Saddle","D1",2017,2017-08-25,"10:59:00",40.05474931,-105.5934924,7,2017-08-24,FALSE,19.8,0.273751471,0.021437843,0.051485999,9.133333333,1.069267662,2.1
"NWT","Saddle","E1",2017,2017-08-25,"11:05:00",40.05419345,-105.5934868,7,2017-08-24,FALSE,20.7,0.218164151,0.020741904,0.050155591,9.166666667,0.513160144,1
"NWT","Saddle","E2",2017,2017-08-25,"11:10:00",40.0542132,-105.5927618,7,2017-08-24,FALSE,17.2,0.243927711,0.033153137,0.073012105,8.833333333,0.115470054,0.2
"NWT","Saddle","E3",2017,2017-08-25,"11:15:00",40.05419677,-105.5920523,7,2017-08-24,FALSE,22.3,0.193556914,0.017256503,0.043275907,9.766666667,0.305505046,0.6
"NWT","Saddle","E4",2017,2017-08-25,"11:20:00",40.05420748,-105.5913913,7,2017-08-24,FALSE,27.4,0.225972943,0.021113656,0.054045411,9.533333333,0.305505046,0.6
"NWT","Saddle","E5",2017,2017-08-25,"11:25:00",40.0542051,-105.5906687,7,2017-08-24,FALSE,19.9,0.206741613,0.054117236,0.116877557,8.866666667,0.057735027,0.1
"NWT","Saddle","E6",2017,2017-08-25,"11:30:00",40.05421679,-105.5899755,7,2017-08-24,FALSE,24.6,0.365833484,0.034042289,0.086604461,8.8,0.458257569,0.9
"NWT","Saddle","E7",2017,2017-08-25,"11:34:00",40.05424577,-105.5892853,7,2017-08-24,FALSE,16.1,0.352653053,0.039297,0.101658675,8.033333333,0.2081666,0.4
"NWT","Saddle","B6",2017,2017-09-08,"9:27:00",40.05580624,-105.5913764,8,2017-09-08,FALSE,19.1,0.089508183,0.021992406,0.045885582,9.933333333,0.152752523,0.3
"NWT","Saddle","B5",2017,2017-09-08,"9:33:00",40.0558249,-105.5920713,8,2017-09-08,FALSE,23,0.094135239,0.024828037,0.060120072,9.433333333,0.2081666,0.4
"NWT","Saddle","B4",2017,2017-09-08,"9:40:00",40.05582609,-105.592797,8,2017-09-08,FALSE,20.2,0.07643988,0.016731907,0.045165637,10.16666667,0.251661148,0.5
"NWT","Saddle","B3",2017,2017-09-08,"9:47:00",40.0557891,-105.5934707,8,2017-09-08,FALSE,25.1,0.097292472,0.029097435,0.070340755,8.533333333,0.115470054,0.2
"NWT","Saddle","A3",2017,2017-09-08,"9:55:00",40.0563715,-105.5935083,8,2017-09-08,FALSE,24.2,0.103786965,0.026389973,0.066302248,9.166666667,0.2081666,0.4
"NWT","Saddle","A2",2017,2017-09-08,"10:03:00",40.05635168,-105.5942169,8,2017-09-08,FALSE,25.1,0.108969326,0.030853599,0.072250659,9.566666667,0.115470054,0.2
"NWT","Saddle","B1",2017,2017-09-08,"10:11:00",40.05580131,-105.5949304,8,2017-09-08,FALSE,26.5,0.099231895,0.012939074,0.03506332,9.666666667,0.550757055,1
"NWT","Saddle","C1",2017,2017-09-08,"10:22:00",40.05527279,-105.5941995,8,2017-09-08,FALSE,27.8,0.059393517,0.007570668,0.018902273,10.13333333,0.2081666,0.4
"NWT","Saddle","C2",2017,2017-09-08,"10:29:00",40.0552713,-105.5934853,8,2017-09-08,FALSE,33.1,0.088152625,0.015588807,0.038320002,8.3,0.264575131,0.5
"NWT","Saddle","C3",2017,2017-09-08,"10:39:00",40.05525654,-105.5928226,8,2017-09-08,FALSE,17.5,0.082981501,0.008077169,0.018553536,9.8,0.173205081,0.3
"NWT","Saddle","C4",2017,2017-09-08,"10:47:00",40.05528028,-105.5921034,8,2017-09-08,FALSE,21.8,0.097410284,0.016320489,0.040315546,10.03333333,0.321455025,0.6
"NWT","Saddle","C5",2017,2017-09-08,"10:53:00",40.05528265,-105.5913845,8,2017-09-08,FALSE,18.8,0.116941272,0.014152589,0.034129708,8.733333333,0.115470054,0.2
"NWT","Saddle","C6",2017,2017-09-08,"10:59:00",40.05530278,-105.5906892,8,2017-09-08,FALSE,20.6,0.099761646,0.015021264,0.036026383,9.5,0.2,0.4
"NWT","Saddle","C7",2017,2017-09-08,"11:05:00",40.05529184,-105.589958,8,2017-09-08,FALSE,21,0.118235393,0.015398184,0.032594544,9.2,0.2,0.4
"NWT","Saddle","C8",2017,2017-09-08,"11:13:00",40.05531092,-105.5892701,8,2017-09-08,FALSE,23.8,0.119938071,0.03776826,0.08366562,7.866666667,0.230940108,0.4
"NWT","Saddle","sn_10",2017,2017-09-08,"11:21:00",40.05428005,-105.5881625,8,2017-09-08,FALSE,16.5,0.09815236,0.03222503,0.070545937,10.46666667,0.057735027,0.1
"NWT","Saddle","sn_09",2017,2017-09-08,"11:28:00",40.05451188,-105.5888025,8,2017-09-08,FALSE,19.5,0.106726841,0.018015212,0.050242159,10.43333333,0.230940108,0.4
"NWT","Saddle","D7",2017,2017-09-08,"11:34:00",40.05475633,-105.5892997,8,2017-09-08,FALSE,17.2,0.116645632,0.016618499,0.041530378,8.8,0.173205081,0.3
"NWT","Saddle","sn_08",2017,2017-09-08,"11:39:00",40.05484677,-105.5896659,8,2017-09-08,FALSE,20.1,0.097222598,0.016051939,0.044114068,9.433333333,0.37859389,0.7
"NWT","Saddle","sn_07",2017,2017-09-08,"11:43:00",40.05488301,-105.5900327,8,2017-09-08,FALSE,20.3,0.074847099,0.024646423,0.062650119,9.733333333,0.251661148,0.5
"NWT","Saddle","sn_06",2017,2017-09-08,"11:50:00",40.0550092,-105.5906277,8,2017-09-08,FALSE,20.8,0.110777226,0.025440877,0.068960987,8.7,0.264575131,0.5
"NWT","Saddle","D5",2017,2017-09-08,"11:55:00",40.05474871,-105.5906769,8,2017-09-08,FALSE,16,0.439622025,0.119940039,0.312262093,8.766666667,0.057735027,0.1
"NWT","Saddle","D4",2017,2017-09-08,"12:01:00",40.05474881,-105.5913547,8,2017-09-08,FALSE,14.7,0.112102567,0.013590197,0.029414758,9.133333333,0.152752523,0.3
"NWT","Saddle","D3",2017,2017-09-08,"12:08:00",40.05475557,-105.5920666,8,2017-09-08,FALSE,21.4,0.085967696,0.016063419,0.042929658,11.53333333,0.472581563,0.9
"NWT","Saddle","D2",2017,2017-09-08,"12:15:00",40.05473855,-105.5927751,8,2017-09-08,FALSE,19.9,0.065915314,0.011146818,0.022402446,11.7,0.173205081,0.3
"NWT","Saddle","D1",2017,2017-09-08,"12:21:00",40.05474931,-105.5934924,8,2017-09-08,FALSE,24.6,0.098428206,0.012439014,0.030551908,10.9,0,0
"NWT","Saddle","E1",2017,2017-09-08,"13:00:00",40.05419345,-105.5934868,8,2017-09-08,FALSE,22.3,0.050089219,0.028634141,0.066880876,13.06666667,0.702376917,1.4
"NWT","Saddle","E2",2017,2017-09-08,"13:06:00",40.0542132,-105.5927618,8,2017-09-08,FALSE,17.7,0.07889455,0.017429857,0.041535636,12.7,0.346410162,0.6
"NWT","Saddle","E3",2017,2017-09-08,"13:12:00",40.05419677,-105.5920523,8,2017-09-08,FALSE,14.4,0.081333043,0.011862249,0.031257252,13.06666667,0.404145188,0.8
"NWT","Saddle","E4",2017,2017-09-08,"13:18:00",40.05420748,-105.5913913,8,2017-09-08,FALSE,20.3,0.069255577,0.019618539,0.044914397,12.66666667,0.2081666,0.4
"NWT","Saddle","E5",2017,2017-09-08,"13:26:00",40.0542051,-105.5906687,8,2017-09-08,FALSE,22.2,0.096952286,0.026676622,0.065013333,10.73333333,0.057735027,0.1
"NWT","Saddle","E6",2017,2017-09-08,"13:32:00",40.05421679,-105.5899755,8,2017-09-08,FALSE,21.4,0.120005658,0.021381783,0.051762222,10.13333333,0.305505046,0.6
"NWT","Saddle","E7",2017,2017-09-08,"13:38:00",40.05424577,-105.5892853,8,2017-09-08,FALSE,21.6,0.088984601,0.016155728,0.034053625,11.3,0.360555128,0.7
"NWT","Saddle","F6",2017,2017-09-08,"13:46:00",40.05368707,-105.5892693,8,2017-09-08,FALSE,23.2,0.4340445,0.104052609,0.243244809,8.6,0.2,0.4
"NWT","Saddle","F5",2017,2017-09-08,"13:51:00",40.0536651,-105.5899364,8,2017-09-08,FALSE,23.4,0.2310743,0.065221339,0.173544833,9.766666667,0.057735027,0.1
"NWT","Saddle","F4",2017,2017-09-08,"13:59:00",40.05368056,-105.5906731,8,2017-09-08,FALSE,24.8,0.509791603,0.025599503,0.060750508,8.766666667,0.057735027,0.1
"NWT","Saddle","F3",2017,2017-09-08,"14:04:00",40.05365406,-105.5913823,8,2017-09-08,FALSE,24,0.144478551,0.027244008,0.056511318,9.866666667,0.152752523,0.3
"NWT","Saddle","F2",2017,2017-09-08,"14:10:00",40.05365185,-105.5921137,8,2017-09-08,FALSE,30.2,0.091769692,0.037506832,0.089813437,12.86666667,0.472581563,0.9
"NWT","Saddle","F1",2017,2017-09-08,"14:18:00",40.05363289,-105.5927747,8,2017-09-08,FALSE,25.7,0.051382171,0.015838635,0.037801093,14.2,0.7,1.3
"NWT","Saddle","G1",2017,2017-09-08,"14:27:00",40.05312671,-105.5927724,8,2017-09-08,FALSE,21.1,0.088293168,0.012277538,0.02799168,13.23333333,0.450924975,0.9
"NWT","Saddle","G2",2017,2017-09-08,"14:33:00",40.05312688,-105.5920359,8,2017-09-08,FALSE,20.5,0.085131065,0.028609917,0.072605878,13.2,0.4,0.8
"NWT","Saddle","O1",2017,2017-09-09,"9:34:00",40.04902315,-105.5923132,8,2017-09-08,FALSE,15.1,0.121943151,0.023114239,0.052846032,9.733333333,0.230940108,0.4
"NWT","Saddle","N2",2017,2017-09-09,"9:40:00",40.04933415,-105.5920584,8,2017-09-08,FALSE,5,0.354275706,0.018231021,0.045768435,8.5,0.1,0.2
"NWT","Saddle","N1",2017,2017-09-09,"9:44:00",40.04935252,-105.5926689,8,2017-09-08,FALSE,8.4,0.081628226,0.015462606,0.034402905,7.766666667,0.305505046,0.6
"NWT","Saddle","M1",2017,2017-09-09,"9:51:00",40.04987188,-105.5928369,8,2017-09-08,FALSE,31.6,0.061283907,0.008243491,0.021179044,8.766666667,0.115470054,0.2
"NWT","Saddle","M2",2017,2017-09-09,"9:56:00",40.04989401,-105.5920233,8,2017-09-08,FALSE,9.6,0.083672596,0.018610618,0.048579456,6.8,0.1,0.2
"NWT","Saddle","M3",2017,2017-09-09,"10:03:00",40.04988164,-105.5913191,8,2017-09-08,FALSE,25.2,0.045946516,0.038382287,0.090238564,7.2,0.2,0.4
"NWT","Saddle","L4",2017,2017-09-09,"10:11:00",40.0504456,-105.5906115,8,2017-09-08,FALSE,29,0.103114707,0.017533039,0.04250212,9.633333333,0.115470054,0.2
"NWT","Saddle","sn_20",2017,2017-09-09,"10:17:00",40.05072003,-105.5907592,8,2017-09-08,FALSE,15.9,0.078192807,0.028457322,0.076742497,9.933333333,0.251661148,0.5
"NWT","Saddle","sn_19",2017,2017-09-09,"10:21:00",40.05066166,-105.5915001,8,2017-09-08,FALSE,17.1,0.231172971,0.068203268,0.162053823,9.233333333,0.057735027,0.1
"NWT","Saddle","L2",2017,2017-09-09,"10:29:00",40.05043813,-105.5920719,8,2017-09-08,FALSE,39.4,0.058009562,0.014056384,0.035358464,9.033333333,0.057735027,0.1
"NWT","Saddle","L1",2017,2017-09-09,"10:33:00",40.05044651,-105.5927057,8,2017-09-08,FALSE,8.8,0.063855083,0.009413975,0.025889283,8.3,0.1,0.2
"NWT","Saddle","sn_18",2017,2017-09-09,"10:41:00",40.0509869,-105.5924085,8,2017-09-08,FALSE,27,0.063768828,0.012303084,0.028361695,10.7,0.1,0.2
"NWT","Saddle","K2",2017,2017-09-09,"10:45:00",40.05098658,-105.5920743,8,2017-09-08,FALSE,11.4,0.085973847,0.016272608,0.042105145,7.8,0,0
"NWT","Saddle","K3",2017,2017-09-09,"10:52:00",40.05097514,-105.5913555,8,2017-09-08,FALSE,16.5,0.257749589,0.126886875,0.304541374,8.9,0.173205081,0.3
"NWT","Saddle","K4",2017,2017-09-09,"10:57:00",40.05097914,-105.5906758,8,2017-09-08,FALSE,23.7,0.08354898,0.02076154,0.047376189,9.433333333,0.251661148,0.5
"NWT","Saddle","K5",2017,2017-09-09,"11:04:00",40.05095954,-105.5899998,8,2017-09-08,FALSE,38.6,0.06417666,0.01397237,0.035316989,11.53333333,0.4163332,0.8
"NWT","Saddle","sn_21",2017,2017-09-09,"11:10:00",40.05155239,-105.5892905,8,2017-09-08,FALSE,20.2,0.269284599,0.046574778,0.117582941,9.366666667,0.404145188,0.7
"NWT","Saddle","J5",2017,2017-09-09,"11:15:00",40.05151382,-105.5899544,8,2017-09-08,FALSE,33.4,0.067424946,0.006531714,0.016070691,12.26666667,0.56862407,1.1
"NWT","Saddle","J4",2017,2017-09-09,"11:20:00",40.05154527,-105.5906619,8,2017-09-08,FALSE,27.5,0.543790736,0.074850487,0.184618942,8.266666667,0.152752523,0.3
"NWT","Saddle","sn_17",2017,2017-09-09,"11:23:00",40.0516789,-105.5908743,8,2017-09-08,FALSE,15.9,0.549478109,0.065388069,0.177498971,8,0,0
"NWT","Saddle","J3",2017,2017-09-09,"11:27:00",40.05154016,-105.5913011,8,2017-09-08,FALSE,30,0.719411621,0.08477819,0.228750093,8.833333333,0.152752523,0.3
"NWT","Saddle","sn_16",2017,2017-09-09,"11:31:00",40.05179303,-105.5915631,8,2017-09-08,FALSE,35.6,0.097865679,0.015673,0.036698507,9.533333333,0.351188458,0.7
"NWT","Saddle","J2",2017,2017-09-09,"11:37:00",40.05149357,-105.592041,8,2017-09-08,FALSE,27.8,0.091115133,0.011163107,0.028781947,12.1,0,0
"NWT","Saddle","J1",2017,2017-09-09,"11:51:00",40.05149143,-105.5927411,8,2017-09-08,FALSE,40.6,0.060614251,0.014525491,0.03590413,12.76666667,0.37859389,0.7
"NWT","Saddle","I1",2017,2017-09-09,"11:58:00",40.05204881,-105.5927558,8,2017-09-08,FALSE,41.7,0.082146217,0.013851767,0.03390298,12.36666667,0.56862407,1.1
"NWT","Saddle","sn_15",2017,2017-09-09,"12:03:00",40.05195455,-105.5922685,8,2017-09-08,FALSE,33.1,0.102621794,0.025322236,0.052357998,10.86666667,1.011599394,1.8
"NWT","Saddle","I3",2017,2017-09-09,"12:07:00",40.0520303,-105.5913181,8,2017-09-08,FALSE,17.5,0.998518826,0.182934587,0.470997781,7.766666667,0.550757055,1.1
"NWT","Saddle","I4",2017,2017-09-09,"12:12:00",40.05205341,-105.5906408,8,2017-09-08,FALSE,28.5,0.349245455,0.068030754,0.164009192,9.533333333,0.152752523,0.3
"NWT","Saddle","I5",2017,2017-09-09,"12:16:00",40.05205963,-105.5899545,8,2017-09-08,FALSE,27.1,0.7709554,0.059787822,0.128808545,9.4,0.264575131,0.5
"NWT","Saddle","I6",2017,2017-09-09,"12:20:00",40.05205678,-105.58926,8,2017-09-08,FALSE,33,0.112465807,0.033732765,0.087903882,10.1,0.264575131,0.5
"NWT","Saddle","H6",2017,2017-09-09,"12:25:00",40.0526006,-105.5892416,8,2017-09-08,FALSE,30.7,0.120502805,0.022258066,0.051464721,11.7,0.556776436,1.1
"NWT","Saddle","H5",2017,2017-09-09,"12:30:00",40.05260643,-105.5899521,8,2017-09-08,FALSE,30.4,0.062338744,0.012822446,0.032375523,12.73333333,0.4163332,0.8
"NWT","Saddle","sn_13",2017,2017-09-09,"12:34:00",40.05267855,-105.5904478,8,2017-09-08,FALSE,26.3,0.125336848,0.025264465,0.064404391,8.966666667,0.152752523,0.3
"NWT","Saddle","sn_12",2017,2017-09-09,"12:39:00",40.05257674,-105.5910776,8,2017-09-08,FALSE,19.3,0.236726052,0.033563116,0.076458601,9.166666667,0.057735027,0.1
"NWT","Saddle","H3",2017,2017-09-09,"12:43:00",40.05257822,-105.5913486,8,2017-09-08,FALSE,31.9,0.132299712,0.017602145,0.038529462,11.8,0.264575131,0.5
"NWT","Saddle","sn_11",2017,2017-09-09,"12:49:00",40.05259659,-105.5922562,8,2017-09-08,FALSE,41.9,0.063170135,0.008591383,0.020208815,13.6,1.587450787,3
"NWT","Saddle","H1",2017,2017-09-09,"12:59:00",40.05257942,-105.592765,8,2017-09-08,FALSE,38.2,0.054784717,0.009067474,0.019376776,14.93333333,0.850490055,1.6
"NWT","Saddle","G3",2017,2017-09-09,"13:08:00",40.05312199,-105.5913906,8,2017-09-08,FALSE,38.5,0.06318645,0.02327884,0.059102247,17.8,1.113552873,2.2
"NWT","Saddle","G4",2017,2017-09-09,"13:16:00",40.05315125,-105.5906595,8,2017-09-08,FALSE,39.4,0.063918695,0.00658169,0.015388536,17,0.458257569,0.9
"NWT","Saddle","sn_14",2017,2017-09-09,"13:22:00",40.05304214,-105.5901738,8,2017-09-08,FALSE,35.1,0.082282457,0.019673338,0.054353522,12.9,1.014889157,2
"NWT","Saddle","G5",2017,2017-09-09,"13:29:00",40.05316285,-105.5899398,8,2017-09-08,FALSE,29.4,0.094764254,0.009538266,0.019066966,13.96666667,0.230940108,0.4
"NWT","Saddle","G6",2017,2017-09-09,"13:37:00",40.05313622,-105.5892476,8,2017-09-08,FALSE,24.8,0.078183539,0.025619747,0.068808627,14.06666667,1.040833,2
